fips_code,county,state,outageFrequency,avgCustomersOut,maxCustomersOut
33011,Hillsborough,New Hampshire,1706,7464.944314185229,78205
33013,Merrimack,New Hampshire,1229,7434.183889340928,61747
33017,Strafford,New Hampshire,1134,3822.084656084656,26902
23013,Knox,Maine,1469,3048.7937372362153,20497
23019,Penobscot,Maine,2621,2932.8439526898132,39495
33001,Belknap,New Hampshire,678,2674.9719764011797,13688
23027,Waldo,Maine,1493,2634.5318151373076,21692
23009,Hancock,Maine,2407,2454.9339426672204,26541
6037,Los Angeles,California,5622,2393.2143365350407,39114
23031,York,Maine,1890,2203.797883597884,42304
23015,Lincoln,Maine,2202,2022.0899182561309,19773
40153,Woodward,Oklahoma,1,1602.0,1602
41067,Washington,Oregon,1677,1456.52534287418,40174
41051,Multnomah,Oregon,1552,1382.2603092783504,15143
33005,Cheshire,New Hampshire,981,1361.4260958205912,8691
23005,Cumberland,Maine,2236,1248.7093023255813,28238
23023,Sagadahoc,Maine,1183,1225.5756551141167,12811
40135,Sequoyah,Oklahoma,3,1195.3333333333333,1197
25011,Franklin,Massachusetts,1267,1164.6361483820046,14345
41005,Clackamas,Oregon,1788,1115.0044742729306,16903
50021,Rutland,Vermont,1900,1081.398947368421,9560
26163,Wayne,Michigan,5614,1053.1287851799075,58642
54075,Pocahontas,West Virginia,691,1028.7988422575977,12454
33015,Rockingham,New Hampshire,5692,970.3432888264231,36505
35037,Quay,New Mexico,52,909.0769230769231,3246
50007,Chittenden,Vermont,1919,861.3058884835852,9214
41047,Marion,Oregon,752,820.9242021276596,10258
50001,Addison,Vermont,1533,767.4422700587085,4799
5033,Crawford,Arkansas,93,759.1935483870968,2481
33003,Carroll,New Hampshire,618,755.205501618123,5806
48063,Camp,Texas,19,741.4736842105264,2800
50017,Orange,Vermont,1306,694.5183767228177,6336
36027,Dutchess,New York,3364,691.8133174791915,18423
51063,Floyd,Virginia,789,688.1799746514575,5742
36111,Ulster,New York,2594,680.6326137239785,14442
6059,Orange,California,4836,666.9578163771712,15801
50023,Washington,Vermont,1602,644.08177278402,4438
50027,Windsor,Vermont,1822,637.1942919868277,5436
40087,McClain,Oklahoma,79,591.5316455696203,1776
40067,Jefferson,Oklahoma,106,577.9245283018868,1995
29103,Knox,Missouri,8,566.625,1129
39127,Perry,Ohio,365,564.0904109589042,6334
23021,Piscataquis,Maine,2143,542.3845076994867,9214
40043,Dewey,Oklahoma,26,527.4230769230769,1609
48355,Nueces,Texas,3167,517.7650773602778,11646
6071,San Bernardino,California,4183,514.6980635907244,20239
26125,Oakland,Michigan,5492,497.5076474872542,37714
50025,Windham,Vermont,1961,492.76287608363083,10760
23011,Kennebec,Maine,1827,477.31089217296113,6458
40095,Marshall,Oklahoma,12,476.3333333333333,598
48305,Lynn,Texas,36,475.3333333333333,1729
48201,Harris,Texas,5651,475.13962130596354,49070
42003,Allegheny,Pennsylvania,2361,462.1901736552308,26543
6065,Riverside,California,4100,423.3078048780488,6727
1051,Elmore,Alabama,301,418.93023255813955,1740
36105,Sullivan,New York,1444,417.281163434903,7247
36071,Orange,New York,3163,408.8055643376541,12566
40061,Haskell,Oklahoma,101,408.44554455445547,3093
54083,Randolph,West Virginia,825,398.03636363636366,3636
25003,Berkshire,Massachusetts,2700,397.36148148148146,15335
41071,Yamhill,Oregon,496,390.4818548387097,3537
40027,Cleveland,Oklahoma,233,385.0429184549356,1666
27033,Cottonwood,Minnesota,6,380.1666666666667,484
36031,Essex,New York,1505,380.1169435215947,6723
8065,Lake,Colorado,66,375.469696969697,529
33009,Grafton,New Hampshire,590,374.6677966101695,1635
53033,King,Washington,3096,371.3720930232558,12135
28091,Marion,Mississippi,793,366.43631778058005,3635
36079,Putnam,New York,1658,359.4384800965018,7712
19081,Hancock,Iowa,122,350.3196721311475,3007
31051,Dixon,Nebraska,35,340.8285714285714,627
19177,Van Buren,Iowa,21,338.7142857142857,1374
48271,Kinney,Texas,16,337.75,647
16017,Bonner,Idaho,525,334.2114285714286,2293
19127,Marshall,Iowa,194,333.12886597938143,6008
6073,San Diego,California,4589,329.3451732403574,48225
19073,Greene,Iowa,26,321.65384615384613,2054
33007,Coos,New Hampshire,372,319.7795698924731,4105
39049,Franklin,Ohio,4595,316.1930359085963,21832
42023,Cameron,Pennsylvania,240,310.37916666666666,3333
26161,Washtenaw,Michigan,4040,306.6002475247525,19024
6111,Ventura,California,3804,300.4111461619348,13813
26147,St. Clair,Michigan,3421,300.14937152879276,9876
56029,Park,Wyoming,82,294.4634146341463,329
54027,Hampshire,West Virginia,916,291.9519650655022,4868
54063,Monroe,West Virginia,915,284.7398907103825,5762
36019,Clinton,New York,821,283.5931790499391,1953
6107,Tulare,California,3189,281.91658827218566,7930
30029,Flathead,Montana,1066,281.9146341463415,3513
36113,Warren,New York,2007,279.9506726457399,4889
40129,Roger Mills,Oklahoma,56,277.01785714285717,1042
54025,Greenbrier,West Virginia,1746,276.709049255441,7762
42089,Monroe,Pennsylvania,2232,273.86290322580646,8455
50003,Bennington,Vermont,1561,270.5701473414478,5736
26051,Gladwin,Michigan,450,269.3311111111111,2580
25027,Worcester,Massachusetts,3255,268.93302611367125,8058
48413,Schleicher,Texas,31,267.83870967741933,1146
26099,Macomb,Michigan,4650,267.76817204301074,22944
48421,Sherman,Texas,9,261.8888888888889,1175
5121,Randolph,Arkansas,120,260.55833333333334,2698
42103,Pike,Pennsylvania,1926,259.64382139148495,12766
36021,Columbia,New York,1863,258.19806763285027,5429
54031,Hardy,West Virginia,750,257.22133333333335,4122
21015,Boone,Kentucky,1063,253.68579492003764,7629
48117,Deaf Smith,Texas,85,253.28235294117647,4243
36011,Cayuga,New York,541,249.55822550831792,6106
25015,Hampshire,Massachusetts,1154,248.58752166377818,3632
55075,Marinette,Wisconsin,993,244.99093655589124,6215
40141,Tillman,Oklahoma,59,242.61016949152543,632
54061,Monongalia,West Virginia,1151,242.1598609904431,5256
36015,Chemung,New York,341,239.42228739002934,2066
23001,Androscoggin,Maine,1281,237.72911787665885,2602
17031,Cook,Illinois,5257,235.94673768308922,5156
40045,Ellis,Oklahoma,28,234.53571428571428,432
36029,Erie,New York,3563,230.42211619421835,5923
39011,Auglaize,Ohio,257,228.50194552529183,1293
12086,Miami-Dade,Florida,5676,228.31236786469344,10282
50011,Franklin,Vermont,1188,225.6271043771044,997
30053,Lincoln,Montana,73,225.3835616438356,1169
29049,Clinton,Missouri,58,225.1551724137931,1201
41053,Polk,Oregon,257,224.92217898832683,1380
36119,Westchester,New York,3461,221.88182606183184,13434
17123,Marshall,Illinois,292,220.91095890410958,3543
40019,Carter,Oklahoma,113,220.56637168141592,1703
36115,Washington,New York,1767,220.5529145444256,2571
36095,Schoharie,New York,890,219.9629213483146,4958
54071,Pendleton,West Virginia,642,219.02803738317758,3838
20099,Labette,Kansas,33,216.06060606060606,1013
6019,Fresno,California,391,215.88235294117646,1681
26075,Jackson,Michigan,1110,215.31171171171172,7348
54023,Grant,West Virginia,492,214.65447154471545,4660
26049,Genesee,Michigan,2587,212.55160417471976,9972
23017,Oxford,Maine,1788,211.44686800894854,3721
39035,Cuyahoga,Ohio,5312,208.08546686746988,18344
5109,Pike,Arkansas,288,206.34027777777777,1533
45081,Saluda,South Carolina,374,206.0668449197861,4011
5021,Clay,Arkansas,192,205.375,1803
42047,Elk,Pennsylvania,464,204.9073275862069,1767
21067,Fayette,Kentucky,1609,204.14605344934742,14221
26023,Branch,Michigan,476,203.6827731092437,2168
39061,Hamilton,Ohio,4364,203.32195233730522,9562
54057,Mineral,West Virginia,629,202.5087440381558,7504
50019,Orleans,Vermont,1071,199.15592903828198,1495
48141,El Paso,Texas,1130,198.12566371681416,8615
36117,Wayne,New York,635,197.33070866141733,3152
42091,Montgomery,Pennsylvania,3537,195.72632174158892,15398
25017,Middlesex,Massachusetts,4359,192.4819912824042,7358
40079,Le Flore,Oklahoma,94,190.9787234042553,1978
26155,Shiawassee,Michigan,753,189.98140770252323,5681
54033,Harrison,West Virginia,1342,189.35022354694485,4264
48017,Bailey,Texas,73,187.32876712328766,261
48435,Sutton,Texas,82,186.15853658536585,1616
6029,Kern,California,2520,185.68849206349208,3960
36121,Wyoming,New York,849,185.4299175500589,4071
12031,Duval,Florida,3791,185.39857557372724,20834
48113,Dallas,Texas,5444,185.3714180749449,5849
51035,Carroll,Virginia,1581,184.44086021505376,3639
36099,Seneca,New York,326,183.24539877300614,1546
40109,Oklahoma,Oklahoma,867,182.0299884659746,3295
26001,Alcona,Michigan,566,181.6643109540636,1702
51077,Grayson,Virginia,1354,179.72156573116692,2757
26059,Hillsdale,Michigan,644,179.0527950310559,2368
39089,Licking,Ohio,1113,178.43306379155436,4624
30047,Lake,Montana,67,178.40298507462686,438
40073,Kingfisher,Oklahoma,3,177.66666666666666,178
51167,Russell,Virginia,967,177.58221302998965,4677
42045,Delaware,Pennsylvania,2678,176.56945481702763,9416
42007,Beaver,Pennsylvania,569,174.4639718804921,1680
39169,Wayne,Ohio,938,174.08955223880596,7946
18005,Bartholomew,Indiana,31,172.41935483870967,482
54007,Braxton,West Virginia,813,171.4391143911439,3028
6083,Santa Barbara,California,2149,170.59702187063752,4105
51197,Wythe,Virginia,932,167.97210300429185,2585
26011,Arenac,Michigan,576,164.70486111111111,1327
39025,Clermont,Ohio,2962,163.48784604996624,12186
21205,Rowan,Kentucky,198,163.4747474747475,1019
27145,Stearns,Minnesota,281,163.1138790035587,3470
40047,Garfield,Oklahoma,166,162.16867469879517,3619
19049,Dallas,Iowa,80,162.15,1004
12011,Broward,Florida,5616,159.27279202279203,14114
22071,Orleans,Louisiana,3100,159.06483870967742,6923
23029,Washington,Maine,1224,157.10294117647058,1570
9005,Litchfield,Connecticut,1919,156.53934340802502,2983
48439,Tarrant,Texas,5219,155.70319984671394,7372
21113,Jessamine,Kentucky,181,155.0718232044199,1340
19051,Davis,Iowa,14,154.28571428571428,209
39009,Athens,Ohio,1354,153.3301329394387,4089
54045,Logan,West Virginia,1050,151.66761904761904,6740
40013,Bryan,Oklahoma,41,151.390243902439,508
26057,Gratiot,Michigan,395,150.57974683544305,4783
19075,Grundy,Iowa,136,150.25735294117646,1535
36083,Rensselaer,New York,2347,149.31529612270984,2491
17131,Mercer,Illinois,313,149.29712460063897,3876
28099,Neshoba,Mississippi,19,148.57894736842104,316
26151,Sanilac,Michigan,1953,148.19559651817715,5507
51021,Bland,Virginia,545,147.0862385321101,1113
48395,Robertson,Texas,145,146.0344827586207,1142
18183,Whitley,Indiana,135,145.77777777777777,766
26115,Monroe,Michigan,2678,145.30283793876026,5089
21103,Henry,Kentucky,78,145.23076923076923,1437
5041,Desha,Arkansas,298,145.13758389261744,1413
47157,Shelby,Tennessee,4630,144.65334773218143,8676
13309,Wheeler,Georgia,29,144.3793103448276,416
42101,Philadelphia,Pennsylvania,3894,144.1135079609656,4878
42041,Cumberland,Pennsylvania,1443,143.77130977130977,3665
22057,Lafourche,Louisiana,971,143.24819773429454,3669
23007,Franklin,Maine,1412,142.89801699716713,3163
51121,Montgomery,Virginia,1769,142.82023742227247,2202
16079,Shoshone,Idaho,666,141.6936936936937,3684
26005,Allegan,Michigan,1071,141.08683473389357,2476
36057,Montgomery,New York,761,140.5203679369251,2670
40077,Latimer,Oklahoma,144,140.51388888888889,2548
42017,Bucks,Pennsylvania,3623,139.24758487441346,6179
25001,Barnstable,Massachusetts,4439,139.22888037846363,9473
42125,Washington,Pennsylvania,2346,139.1010230179028,6654
5075,Lawrence,Arkansas,200,138.14,1466
39073,Hocking,Ohio,636,137.5566037735849,2123
48215,Hidalgo,Texas,3625,137.43558620689655,10253
6067,Sacramento,California,2722,137.12233651726672,21268
42049,Erie,Pennsylvania,2942,135.62780421481986,46555
13213,Murray,Georgia,440,135.14318181818183,6577
5131,Sebastian,Arkansas,175,135.06857142857143,1269
36001,Albany,New York,3100,134.1932258064516,6997
36091,Saratoga,New York,2229,134.1507402422611,3805
39121,Noble,Ohio,139,134.1294964028777,1563
8035,Douglas,Colorado,394,133.63959390862945,1180
54043,Lincoln,West Virginia,1893,133.09878499735868,2529
18141,St. Joseph,Indiana,1309,132.7929717341482,2393
40033,Cotton,Oklahoma,97,131.95876288659792,565
12099,Palm Beach,Florida,5318,131.25667544189545,13977
45045,Greenville,South Carolina,3696,131.24945887445887,10185
26037,Clinton,Michigan,606,130.82013201320132,1200
54095,Tyler,West Virginia,400,130.74,2118
54097,Upshur,West Virginia,742,130.50943396226415,2206
21129,Lee,Kentucky,314,130.29299363057325,1174
20017,Chase,Kansas,17,130.23529411764707,170
54089,Summers,West Virginia,817,129.91921664626682,2897
39095,Lucas,Ohio,2752,129.46875,9392
54001,Barbour,West Virginia,513,128.635477582846,2278
54015,Clay,West Virginia,657,128.59817351598173,842
8059,Jefferson,Colorado,2156,128.43320964749537,6762
50005,Caledonia,Vermont,1134,127.79982363315696,2187
39041,Delaware,Ohio,1134,127.32804232804233,1771
25009,Essex,Massachusetts,2659,127.23354644603235,5154
36069,Ontario,New York,824,127.19660194174757,2762
48397,Rockwall,Texas,1490,127.11879194630872,3601
51185,Tazewell,Virginia,1171,127.01451750640479,3395
18039,Elkhart,Indiana,593,126.94940978077571,3401
21159,Martin,Kentucky,363,126.5840220385675,2804
26069,Iosco,Michigan,802,125.214463840399,1803
27117,Pipestone,Minnesota,69,125.01449275362319,589
39051,Fulton,Ohio,568,124.50880281690141,8286
28037,Franklin,Mississippi,219,124.17808219178082,2318
54065,Morgan,West Virginia,393,124.1323155216285,1358
17051,Fayette,Illinois,206,123.86407766990291,1816
48157,Fort Bend,Texas,4442,123.78388113462404,14054
8031,Denver,Colorado,2458,123.69283970707893,6999
48295,Lipscomb,Texas,61,123.37704918032787,1465
5097,Montgomery,Arkansas,632,123.22151898734177,1853
39151,Stark,Ohio,2284,122.79246935201401,26180
29199,Scotland,Missouri,6,122.33333333333333,183
22007,Assumption,Louisiana,381,121.46456692913385,3351
48483,Wheeler,Texas,107,119.95327102803738,980
42079,Luzerne,Pennsylvania,1198,119.79883138564274,11640
37039,Cherokee,North Carolina,319,119.67711598746081,1392
42095,Northampton,Pennsylvania,2279,119.59806932865291,6028
37119,Mecklenburg,North Carolina,4747,119.03265220139035,12112
39105,Meigs,Ohio,629,118.97615262321145,1377
40057,Harmon,Oklahoma,31,118.58064516129032,406
54099,Wayne,West Virginia,2353,118.29409264768381,3140
13183,Long,Georgia,93,117.98924731182795,531
26091,Lenawee,Michigan,1351,117.9259807549963,2158
42071,Lancaster,Pennsylvania,2114,117.7336802270577,3555
18173,Warrick,Indiana,47,117.63829787234043,651
26093,Livingston,Michigan,2338,117.05774165953807,3032
9001,Fairfield,Connecticut,3149,117.03143855192124,4100
27123,Ramsey,Minnesota,3322,116.99488260084287,5291
42029,Chester,Pennsylvania,3113,116.87407645358175,5965
17071,Henderson,Illinois,122,116.8360655737705,1431
27001,Aitkin,Minnesota,83,116.83132530120481,1076
54009,Brooke,West Virginia,508,116.66535433070867,1864
44005,Newport,Rhode Island,806,116.16129032258064,7651
51155,Pulaski,Virginia,1082,116.00739371534196,1762
45051,Horry,South Carolina,1194,115.2252931323283,4033
42107,Schuylkill,Pennsylvania,852,115.0093896713615,1622
13117,Forsyth,Georgia,149,114.79865771812081,763
12057,Hillsborough,Florida,4648,114.61359724612737,7988
39081,Jefferson,Ohio,601,113.94841930116472,2253
18029,Dearborn,Indiana,424,113.25471698113208,1261
24043,Washington,Maryland,1457,113.11324639670556,2278
48471,Walker,Texas,925,112.4691891891892,2955
42011,Berks,Pennsylvania,3567,112.40958788898234,2924
26159,Van Buren,Michigan,719,110.86509040333797,2627
19065,Fayette,Iowa,61,110.77049180327869,557
48189,Hale,Texas,270,110.75185185185185,7215
54107,Wood,West Virginia,1498,110.31642189586115,3876
36033,Franklin,New York,1041,109.78194044188281,1594
48339,Montgomery,Texas,4077,108.89698307579103,5080
54041,Lewis,West Virginia,638,108.78369905956113,1602
39013,Belmont,Ohio,844,107.73815165876778,1375
37081,Guilford,North Carolina,3256,107.59060196560196,3563
54093,Tucker,West Virginia,388,107.44845360824742,516
9007,Middlesex,Connecticut,1143,107.33245844269466,2086
39153,Summit,Ohio,3144,107.01558524173028,6496
51191,Washington,Virginia,1593,106.98618957940992,3612
54055,Mercer,West Virginia,2215,106.93453724604966,2750
45047,Greenwood,South Carolina,1130,106.60442477876106,3739
36039,Greene,New York,1468,106.39237057220708,2867
24021,Frederick,Maryland,2161,106.03701989819528,8526
18155,Switzerland,Indiana,69,106.02898550724638,1100
22019,Calcasieu,Louisiana,2219,105.19468228931952,2932
40017,Canadian,Oklahoma,359,105.041782729805,2969
54109,Wyoming,West Virginia,1112,104.70503597122303,1238
48229,Hudspeth,Texas,76,104.36842105263158,441
54011,Cabell,West Virginia,1914,104.18234064785788,3202
26077,Kalamazoo,Michigan,1013,104.0167818361303,3608
42025,Carbon,Pennsylvania,943,102.8101802757158,1694
39167,Washington,Ohio,783,102.45338441890166,2251
27115,Pine,Minnesota,143,101.76223776223776,1735
36109,Tompkins,New York,391,100.99488491048594,1469
54049,Marion,West Virginia,1035,100.54685990338164,3996
42127,Wayne,Pennsylvania,1452,99.73553719008264,6728
55085,Oneida,Wisconsin,1177,99.71367884451996,4279
39085,Lake,Ohio,3143,98.97836461979001,7481
47043,Dickson,Tennessee,23,98.3913043478261,172
26143,Roscommon,Michigan,438,98.13013698630137,977
51089,Henry,Virginia,982,98.0081466395112,1356
40121,Pittsburg,Oklahoma,395,97.95949367088608,2617
48467,Van Zandt,Texas,1049,97.88083889418493,2261
9003,Hartford,Connecticut,2831,97.84599081596609,3458
45063,Lexington,South Carolina,1776,97.42004504504504,7583
28015,Carroll,Mississippi,134,96.61940298507463,398
27047,Freeborn,Minnesota,154,96.3896103896104,2561
26149,St. Joseph,Michigan,537,96.22346368715084,2148
33019,Sullivan,New Hampshire,452,96.05309734513274,2677
18105,Monroe,Indiana,1230,95.90081300813009,2640
19027,Carroll,Iowa,11,95.81818181818181,139
54039,Kanawha,West Virginia,3981,95.70786234614418,3333
12103,Pinellas,Florida,4778,95.70573461699456,6668
39141,Ross,Ohio,843,95.47449584816133,2069
27075,Lake,Minnesota,40,94.8,130
39037,Darke,Ohio,406,94.65517241379311,1937
35013,Doña Ana,New Mexico,506,94.26679841897233,3605
36055,Monroe,New York,1747,94.259874069834,1990
42037,Columbia,Pennsylvania,895,94.19329608938547,3022
36023,Cortland,New York,462,94.03246753246754,1210
47103,Lincoln,Tennessee,9,93.77777777777777,120
12019,Clay,Florida,1069,93.20954162768943,6734
16049,Idaho,Idaho,397,93.19143576826197,658
26087,Lapeer,Michigan,2378,93.16400336417158,2606
42043,Dauphin,Pennsylvania,1443,92.88357588357589,3602
39091,Logan,Ohio,451,92.6829268292683,957
42077,Lehigh,Pennsylvania,2111,92.47276172430128,2781
26111,Midland,Michigan,629,92.22734499205087,1112
5119,Pulaski,Arkansas,3108,92.17406692406692,3332
21115,Johnson,Kentucky,352,92.1590909090909,1205
18003,Allen,Indiana,2140,91.08644859813084,6352
17041,Douglas,Illinois,139,91.07194244604317,689
13123,Gilmer,Georgia,1050,91.01809523809524,2242
36077,Otsego,New York,785,90.62292993630574,2551
1041,Crenshaw,Alabama,474,90.34810126582279,1026
48183,Gregg,Texas,1410,90.07943262411348,2266
29189,St. Louis,Missouri,3075,90.07739837398374,4571
25013,Hampden,Massachusetts,1826,89.96604600219058,3299
13197,Marion,Georgia,230,89.74347826086957,1051
9015,Windham,Connecticut,903,89.63233665559247,2260
40123,Pontotoc,Oklahoma,79,89.12658227848101,339
36041,Hamilton,New York,944,89.01906779661017,1530
22087,St. Bernard,Louisiana,397,88.85894206549118,4977
36063,Niagara,New York,1210,88.77107438016529,2156
21025,Breathitt,Kentucky,458,88.63973799126637,761
26145,Saginaw,Michigan,1361,88.35709037472446,2918
39027,Clinton,Ohio,929,87.73304628632938,3010
39157,Tuscarawas,Ohio,810,87.57530864197531,1165
54091,Taylor,West Virginia,638,87.43260188087774,3170
21193,Perry,Kentucky,1018,87.36444007858546,700
51045,Craig,Virginia,62,87.33870967741936,239
47115,Marion,Tennessee,5,86.6,87
26157,Tuscola,Michigan,1823,86.22490400438836,2342
24031,Montgomery,Maryland,1629,85.89318600368324,3962
48243,Jeff Davis,Texas,80,85.85,481
39045,Fairfield,Ohio,792,85.83207070707071,2669
39115,Morgan,Ohio,343,85.8192419825073,772
22051,Jefferson,Louisiana,2807,85.70039187744923,3887
36101,Steuben,New York,633,85.54660347551342,1054
34015,Gloucester,New Jersey,2566,85.2626656274357,12091
5057,Hempstead,Arkansas,134,84.94776119402985,462
40051,Grady,Oklahoma,449,84.91982182628063,1504
26043,Dickinson,Michigan,172,84.90697674418605,911
34013,Essex,New Jersey,4998,84.8967587034814,5092
22017,Caddo,Louisiana,2427,84.59167696744953,4162
45059,Laurens,South Carolina,595,84.53613445378151,1616
54081,Raleigh,West Virginia,1900,84.09789473684211,4145
19033,Cerro Gordo,Iowa,441,83.83219954648526,7069
9009,New Haven,Connecticut,2653,83.4926498303807,2796
34007,Camden,New Jersey,2856,83.4250700280112,7365
51031,Campbell,Virginia,540,82.99259259259259,1251
26031,Cheboygan,Michigan,286,82.8951048951049,804
54079,Putnam,West Virginia,2023,82.74097874443895,2220
39083,Knox,Ohio,485,82.740206185567,1055
40101,Muskogee,Oklahoma,202,82.73267326732673,455
22109,Terrebonne,Louisiana,460,82.72391304347826,4474
21009,Barren,Kentucky,28,82.67857142857143,323
37183,Wake,North Carolina,3901,82.56293258138939,23816
28083,Leflore,Mississippi,399,82.43859649122807,532
12131,Walton,Florida,808,82.18316831683168,2615
28147,Walthall,Mississippi,179,81.88826815642459,283
39019,Carroll,Ohio,481,81.51975051975052,1154
36051,Livingston,New York,484,81.22107438016529,2470
29175,Randolph,Missouri,196,80.8061224489796,1057
26003,Alger,Michigan,294,80.72789115646259,1099
55135,Waupaca,Wisconsin,507,80.65877712031558,2334
36035,Fulton,New York,660,80.58636363636364,7049
48127,Dimmit,Texas,658,80.49088145896657,4196
16055,Kootenai,Idaho,699,80.43776824034335,3826
40099,Murray,Oklahoma,29,80.41379310344827,133
10003,New Castle,Delaware,3595,80.39972183588317,36234
39155,Trumbull,Ohio,1811,80.15461071231364,3340
36075,Oswego,New York,1387,80.03965392934391,7638
22105,Tangipahoa,Louisiana,2760,79.54963768115942,6161
39007,Ashtabula,Ohio,1723,79.53163087637841,2560
6031,Kings,California,1033,79.3620522749274,1095
23003,Aroostook,Maine,1123,79.28049866429207,3328
42001,Adams,Pennsylvania,1156,78.88494809688581,2535
26025,Calhoun,Michigan,813,78.84624846248462,875
22093,St. James,Louisiana,338,78.73372781065089,3164
42019,Butler,Pennsylvania,1580,78.73354430379747,4395
39135,Preble,Ohio,807,78.56877323420075,5327
51169,Scott,Virginia,973,78.48920863309353,435
22115,Vernon,Louisiana,1899,78.14902580305424,4031
19101,Jefferson,Iowa,41,78.14634146341463,189
36093,Schenectady,New York,1985,77.64937027707809,1334
26041,Delta,Michigan,346,77.3179190751445,1059
34001,Atlantic,New Jersey,2555,77.21565557729942,16943
24001,Allegany,Maryland,793,76.96595208070617,1442
51141,Patrick,Virginia,1077,76.70287836583101,2469
55125,Vilas,Wisconsin,2974,76.5665770006725,6920
26021,Berrien,Michigan,2185,76.55148741418765,2813
5117,Prairie,Arkansas,621,76.46537842190016,1749
21143,Lyon,Kentucky,71,76.40845070422536,850
34003,Bergen,New Jersey,4089,76.15578381022254,14749
39093,Lorain,Ohio,2084,75.79222648752399,5997
48097,Cooke,Texas,370,75.42972972972973,1644
37111,McDowell,North Carolina,685,75.35036496350365,1474
36089,St. Lawrence,New York,1292,75.31346749226006,4084
19103,Johnson,Iowa,161,75.26086956521739,1091
39119,Muskingum,Ohio,1082,75.10443622920518,2184
22029,Concordia,Louisiana,263,74.72243346007605,1577
27039,Dodge,Minnesota,145,74.48965517241379,716
17195,Whiteside,Illinois,411,74.11922141119221,3098
39063,Hancock,Ohio,471,74.07430997876858,1436
18113,Noble,Indiana,126,73.89682539682539,630
26045,Eaton,Michigan,560,73.70357142857142,1358
19193,Woodbury,Iowa,10,73.2,232
28049,Hinds,Mississippi,3353,72.99015806740232,10826
36073,Orleans,New York,345,72.72753623188406,738
28113,Pike,Mississippi,498,72.71285140562249,1020
12095,Orange,Florida,4723,72.53906415413933,3408
22103,St. Tammany,Louisiana,2316,72.36873920552677,5751
39145,Scioto,Ohio,1811,72.1518498067366,1695
39133,Portage,Ohio,1772,71.77426636568849,6183
21111,Jefferson,Kentucky,3629,71.427666023698,9677
37085,Harnett,North Carolina,1214,71.41433278418451,9464
47163,Sullivan,Tennessee,1487,71.36247478143913,1749
12001,Alachua,Florida,2236,71.30992844364937,3640
13045,Carroll,Georgia,563,71.09413854351688,1297
51187,Warren,Virginia,490,71.03877551020408,2942
25021,Norfolk,Massachusetts,3577,70.8574224210232,2680
13263,Talbot,Georgia,403,70.72456575682382,607
50015,Lamoille,Vermont,2551,70.65856526852215,1165
48007,Aransas,Texas,740,70.53378378378379,1670
47147,Robertson,Tennessee,819,70.44810744810745,1582
42113,Sullivan,Pennsylvania,327,69.80122324159021,2798
27105,Nobles,Minnesota,9,69.77777777777777,150
26065,Ingham,Michigan,1399,69.6976411722659,1730
21117,Kenton,Kentucky,1725,69.52463768115942,5262
42051,Fayette,Pennsylvania,1417,69.25264643613268,2717
48197,Hardeman,Texas,102,69.17647058823529,1791
18045,Fountain,Indiana,451,69.15521064301552,950
47055,Giles,Tennessee,55,69.14545454545454,803
34017,Hudson,New Jersey,2665,69.14446529080675,11334
17203,Woodford,Illinois,481,69.13097713097713,1800
48469,Victoria,Texas,906,68.5728476821192,1176
40083,Logan,Oklahoma,64,68.5625,182
54069,Ohio,West Virginia,969,68.30443756449948,1408
37105,Lee,North Carolina,606,68.29207920792079,1987
5051,Garland,Arkansas,1981,68.2801615345785,5585
12115,Sarasota,Florida,4332,68.17428439519853,4936
27165,Watonwan,Minnesota,44,68.11363636363636,91
34031,Passaic,New Jersey,3569,67.86803026057719,2902
12121,Suwannee,Florida,1464,67.78005464480874,2071
22045,Iberia,Louisiana,974,67.72895277207392,3783
46097,Miner,South Dakota,24,67.66666666666667,183
53001,Adams,Washington,410,67.4219512195122,1178
36107,Tioga,New York,857,67.26604434072345,3943
48391,Refugio,Texas,386,67.20984455958549,1125
39047,Fayette,Ohio,659,67.03338391502277,1923
36067,Onondaga,New York,2948,66.9983039348711,3972
55049,Iowa,Wisconsin,508,66.80314960629921,5028
47009,Blount,Tennessee,1012,66.63339920948617,862
27053,Hennepin,Minnesota,4437,66.53459544737436,3807
53065,Stevens,Washington,976,66.46926229508196,935
13187,Lumpkin,Georgia,554,66.24548736462094,1303
28155,Webster,Mississippi,42,66.14285714285714,317
17049,Effingham,Illinois,115,66.00869565217391,621
13121,Fulton,Georgia,4572,65.43613298337708,4809
13141,Hancock,Georgia,352,64.98011363636364,1134
12009,Brevard,Florida,4670,64.97408993576018,4579
55121,Trempealeau,Wisconsin,34,64.88235294117646,236
13207,Monroe,Georgia,434,64.76267281105991,825
48451,Tom Green,Texas,576,64.62326388888889,2047
48029,Bexar,Texas,3988,64.41198595787363,3735
51019,Bedford,Virginia,820,64.26585365853659,1268
48409,San Patricio,Texas,1214,64.22817133443164,1471
25005,Bristol,Massachusetts,1094,63.41590493601463,3047
55069,Lincoln,Wisconsin,391,63.40920716112532,4762
42123,Warren,Pennsylvania,841,63.40546967895363,3480
21195,Pike,Kentucky,1542,63.302204928664075,1748
47167,Tipton,Tennessee,64,63.265625,499
37127,Nash,North Carolina,609,63.24794745484401,1794
39055,Geauga,Ohio,2103,63.194008559201144,4802
54051,Marshall,West Virginia,1125,63.192,1276
55033,Dunn,Wisconsin,166,62.54216867469879,2244
42129,Westmoreland,Pennsylvania,2623,62.47502859321388,2319
5127,Scott,Arkansas,102,62.36274509803921,304
13019,Berrien,Georgia,143,62.35664335664335,528
26103,Marquette,Michigan,873,62.32875143184422,2480
12071,Lee,Florida,4096,62.228271484375,4880
36007,Broome,New York,821,62.02192448233861,1164
13311,White,Georgia,728,61.81318681318681,1265
12023,Columbia,Florida,1235,61.69554655870445,2221
39165,Warren,Ohio,2888,61.689750692520775,5355
26121,Muskegon,Michigan,844,61.47867298578199,1036
26117,Montcalm,Michigan,544,61.3639705882353,921
28135,Tallahatchie,Mississippi,430,61.34651162790698,381
37049,Craven,North Carolina,368,61.09782608695652,804
13089,DeKalb,Georgia,4437,61.09443317556908,4501
18093,Lawrence,Indiana,845,61.0603550295858,1426
42085,Mercer,Pennsylvania,1723,60.99825885084156,5167
42063,Indiana,Pennsylvania,1052,60.950570342205324,632
8037,Eagle,Colorado,3236,60.931705809641535,8128
48061,Cameron,Texas,2430,60.91851851851852,4455
42039,Crawford,Pennsylvania,1085,60.89677419354839,3699
42021,Cambria,Pennsylvania,1346,60.77340267459138,6239
21135,Lewis,Kentucky,41,60.707317073170735,129
25023,Plymouth,Massachusetts,3121,60.70394104453701,3496
50009,Essex,Vermont,747,60.6760374832664,719
26063,Huron,Michigan,1388,60.59942363112392,764
26081,Kent,Michigan,2441,60.55796804588284,2698
8013,Boulder,Colorado,1897,60.49235635213495,2754
48123,DeWitt,Texas,646,60.40247678018576,1109
46083,Lincoln,South Dakota,609,60.37274220032841,2616
46079,Lake,South Dakota,9,60.333333333333336,178
54029,Hancock,West Virginia,488,60.30327868852459,2386
12053,Hernando,Florida,1810,60.28011049723757,6024
39053,Gallia,Ohio,472,60.264830508474574,1325
37135,Orange,North Carolina,2128,60.24342105263158,2270
39057,Greene,Ohio,1492,60.18699731903485,2415
42057,Fulton,Pennsylvania,368,59.858695652173914,704
26139,Ottawa,Michigan,1049,59.34223069590086,1434
21005,Anderson,Kentucky,87,59.32183908045977,2321
9013,Tolland,Connecticut,1114,59.29982046678636,1204
48225,Houston,Texas,457,59.23413566739606,1517
13015,Bartow,Georgia,931,59.139634801288935,2411
26017,Bay,Michigan,382,59.09162303664922,715
21207,Russell,Kentucky,110,58.82727272727273,1489
39075,Holmes,Ohio,311,58.78456591639871,699
18059,Hancock,Indiana,495,58.65858585858586,930
12065,Jefferson,Florida,629,58.47694753577107,711
40055,Greer,Oklahoma,21,58.42857142857143,137
44009,Washington,Rhode Island,998,58.42084168336673,4185
9011,New London,Connecticut,1005,58.40099502487562,3947
48039,Brazoria,Texas,4086,58.3942731277533,4008
39103,Medina,Ohio,1000,58.24,2775
12081,Manatee,Florida,3889,57.99588583183338,6931
39071,Highland,Ohio,570,57.97894736842105,1328
36017,Chenango,New York,674,57.87388724035608,795
55059,Kenosha,Wisconsin,614,57.840390879478825,3194
17001,Adams,Illinois,357,57.831932773109244,1273
27005,Becker,Minnesota,114,57.73684210526316,386
42015,Bradford,Pennsylvania,1058,57.699432892249526,1031
54005,Boone,West Virginia,1173,57.67604433077579,533
54073,Pleasants,West Virginia,307,57.63517915309446,718
18097,Marion,Indiana,3586,57.621026213050754,2978
26015,Barry,Michigan,521,57.61420345489444,972
12021,Collier,Florida,3342,57.58497905445841,5657
55095,Polk,Wisconsin,143,57.51048951048951,899
6113,Yolo,California,4059,57.34466617393446,14443
12087,Monroe,Florida,485,57.296907216494844,2409
29219,Warren,Missouri,559,57.21645796064401,1379
27025,Chisago,Minnesota,280,57.15714285714286,299
42069,Lackawanna,Pennsylvania,1200,57.05083333333334,1802
51071,Giles,Virginia,690,57.00144927536232,574
29111,Lewis,Missouri,185,56.95135135135135,1602
39125,Paulding,Ohio,189,56.82539682539682,572
39043,Erie,Ohio,1030,56.60388349514563,3828
42031,Clarion,Pennsylvania,563,56.58614564831261,2832
17073,Henry,Illinois,251,56.42231075697211,2058
48453,Travis,Texas,3758,56.31798829164449,4737
5059,Hot Spring,Arkansas,781,56.10627400768246,1355
39031,Coshocton,Ohio,721,55.95977808599168,919
55003,Ashland,Wisconsin,195,55.84615384615385,308
12093,Okeechobee,Florida,1127,55.50931677018634,3308
37075,Graham,North Carolina,509,55.45579567779961,675
11001,District of Columbia,District of Columbia,3338,55.32174955062912,3195
5061,Howard,Arkansas,105,55.22857142857143,523
54077,Preston,West Virginia,1027,55.22103213242454,590
10005,Sussex,Delaware,2192,55.129105839416056,9638
18081,Johnson,Indiana,1224,54.99591503267974,4465
18013,Brown,Indiana,302,54.817880794701985,594
36087,Rockland,New York,2382,54.68975650713686,4072
48153,Floyd,Texas,87,54.62068965517241,599
18023,Clinton,Indiana,552,54.583333333333336,858
40039,Custer,Oklahoma,253,54.537549407114625,790
42097,Northumberland,Pennsylvania,880,54.48295454545455,1420
55131,Washington,Wisconsin,405,54.355555555555554,3036
39131,Pike,Ohio,669,54.327354260089685,1623
21017,Bourbon,Kentucky,233,54.30042918454936,1774
48009,Archer,Texas,476,54.29621848739496,1316
45027,Clarendon,South Carolina,352,54.29545454545455,1539
19061,Dubuque,Iowa,295,54.29491525423729,2678
54087,Roane,West Virginia,1253,53.93854748603352,1362
18179,Wells,Indiana,184,53.858695652173914,258
19111,Lee,Iowa,125,53.832,682
18167,Vigo,Indiana,1615,53.803095975232196,3149
48291,Liberty,Texas,1460,53.75479452054795,1699
48187,Guadalupe,Texas,929,53.727664155005385,1628
13051,Chatham,Georgia,3951,53.57327258921792,3381
51143,Pittsylvania,Virginia,914,53.467177242888404,2007
45083,Spartanburg,South Carolina,3031,53.379412735070936,5555
25019,Nantucket,Massachusetts,181,53.31491712707182,1082
21185,Oldham,Kentucky,644,53.309006211180126,968
47169,Trousdale,Tennessee,124,53.306451612903224,754
26013,Baraga,Michigan,125,53.136,378
40015,Caddo,Oklahoma,1043,53.056567593480345,602
26061,Houghton,Michigan,534,53.00374531835206,1256
48427,Starr,Texas,948,52.914556962025316,2561
39067,Harrison,Ohio,532,52.81954887218045,741
51161,Roanoke,Virginia,1031,52.81086323957323,3428
48101,Cottle,Texas,15,52.8,683
22033,East Baton Rouge,Louisiana,3079,52.749594024033776,4238
48085,Collin,Texas,3728,52.739538626609445,5910
13091,Dodge,Georgia,189,52.63492063492063,978
48255,Karnes,Texas,275,52.63272727272727,1149
19015,Boone,Iowa,398,52.484924623115575,1905
22085,Sabine,Louisiana,1045,52.36842105263158,1476
54047,McDowell,West Virginia,1486,52.29138627187079,725
1021,Chilton,Alabama,132,52.27272727272727,588
12119,Sumter,Florida,415,52.265060240963855,1705
20045,Douglas,Kansas,132,52.06818181818182,1280
17043,DuPage,Illinois,3751,51.9861370301253,5355
22117,Washington,Louisiana,1307,51.83932670237184,6360
17117,Macoupin,Illinois,492,51.72764227642276,1855
17141,Ogle,Illinois,455,51.723076923076924,303
48245,Jefferson,Texas,2648,51.49848942598187,2384
55115,Shawano,Wisconsin,350,51.33714285714286,1306
1085,Lowndes,Alabama,282,51.333333333333336,606
22035,East Carroll,Louisiana,191,51.29842931937173,518
48135,Ector,Texas,2533,50.99131464666404,1512
37021,Buncombe,North Carolina,2611,50.88012255840674,2225
28097,Montgomery,Mississippi,158,50.84177215189873,807
45067,Marion,South Carolina,475,50.78526315789474,1214
12003,Baker,Florida,457,50.717724288840266,447
42133,York,Pennsylvania,2990,50.51939799331104,2321
26085,Lake,Michigan,763,50.42726081258191,669
39101,Marion,Ohio,766,50.40208877284595,1571
39139,Richland,Ohio,1111,50.30603060306031,1574
48121,Denton,Texas,2622,50.25019069412662,6698
42059,Greene,Pennsylvania,803,50.2241594022416,1163
36043,Herkimer,New York,1203,50.22111388196176,1531
5035,Crittenden,Arkansas,676,50.137573964497044,755
54037,Jefferson,West Virginia,967,50.11995863495346,1302
54067,Nicholas,West Virginia,1089,50.10560146923783,1006
48493,Wilson,Texas,338,50.06508875739645,1081
48407,San Jacinto,Texas,340,49.991176470588236,729
26073,Isabella,Michigan,454,49.980176211453745,540
39017,Butler,Ohio,2825,49.89486725663717,2591
22099,St. Martin,Louisiana,453,49.89403973509934,890
22003,Allen,Louisiana,642,49.85202492211838,925
39129,Pickaway,Ohio,388,49.80154639175258,669
13129,Gordon,Georgia,399,49.75438596491228,805
12113,Santa Rosa,Florida,1906,49.5713536201469,3076
12091,Okaloosa,Florida,2397,49.50730079265749,2484
55037,Florence,Wisconsin,167,49.47305389221557,411
48037,Bowie,Texas,786,49.347328244274806,1359
17083,Jersey,Illinois,179,49.17877094972067,1486
48323,Maverick,Texas,423,49.177304964539005,2663
19099,Jasper,Iowa,185,49.12972972972973,1249
48199,Hardin,Texas,1191,49.08984047019312,5715
48205,Hartley,Texas,6,49.0,54
34009,Cape May,New Jersey,1677,48.977340488968395,2748
22091,St. Helena,Louisiana,154,48.967532467532465,267
39113,Montgomery,Ohio,2743,48.77214728399562,4325
51157,Rappahannock,Virginia,258,48.73255813953488,1536
12047,Hamilton,Florida,648,48.598765432098766,1243
39171,Williams,Ohio,365,48.56986301369863,829
12127,Volusia,Florida,4239,48.54187308327436,9350
19115,Louisa,Iowa,52,48.53846153846154,311
54103,Wetzel,West Virginia,481,48.50519750519751,1026
55109,St. Croix,Wisconsin,253,48.43873517786561,4705
21019,Boyd,Kentucky,894,48.43624161073826,1389
48073,Cherokee,Texas,1114,48.35368043087971,2260
45013,Beaufort,South Carolina,1589,48.28130899937067,8607
54035,Jackson,West Virginia,1114,48.269299820466784,2019
54053,Mason,West Virginia,1000,48.163,1090
37035,Catawba,North Carolina,1713,48.15936952714536,1628
42033,Clearfield,Pennsylvania,1011,48.06231454005935,863
48103,Crane,Texas,419,48.01670644391408,1150
42093,Montour,Pennsylvania,285,47.849122807017544,180
12083,Marion,Florida,2536,47.84069400630915,2622
42053,Forest,Pennsylvania,356,47.74438202247191,1230
26129,Ogemaw,Michigan,702,47.69088319088319,538
47037,Davidson,Tennessee,4229,47.57484038779853,6454
48373,Polk,Texas,153,47.431372549019606,268
54101,Webster,West Virginia,551,47.39382940108893,938
39107,Mercer,Ohio,224,47.357142857142854,693
21037,Campbell,Kentucky,1173,47.348678601875534,2809
40149,Washita,Oklahoma,125,47.312,590
36053,Madison,New York,1015,47.26403940886699,511
21065,Estill,Kentucky,89,47.258426966292134,3205
5143,Washington,Arkansas,526,47.23574144486692,1438
12055,Highlands,Florida,1338,47.15171898355755,8974
31123,Morrill,Nebraska,24,47.083333333333336,231
5113,Polk,Arkansas,50,47.02,465
37091,Hertford,North Carolina,364,46.86538461538461,250
47013,Campbell,Tennessee,35,46.857142857142854,68
21133,Letcher,Kentucky,781,46.80025608194622,734
48087,Collingsworth,Texas,56,46.67857142857143,101
42005,Armstrong,Pennsylvania,959,46.3733055265902,1422
24023,Garrett,Maryland,666,46.252252252252255,896
48235,Irion,Texas,61,46.21311475409836,1101
17119,Madison,Illinois,1513,46.130204890945144,3144
20169,Saline,Kansas,93,46.11827956989247,785
18153,Sullivan,Indiana,241,46.066390041493776,863
8093,Park,Colorado,163,46.012269938650306,271
26067,Ionia,Michigan,519,46.00963391136801,706
37051,Cumberland,North Carolina,964,46.00622406639004,1774
21171,Monroe,Kentucky,241,45.954356846473026,736
19053,Decatur,Iowa,33,45.90909090909091,245
47117,Marshall,Tennessee,217,45.88940092165899,765
42061,Huntingdon,Pennsylvania,689,45.795355587808416,992
48131,Duval,Texas,472,45.72457627118644,523
36013,Chautauqua,New York,870,45.6816091954023,2185
22081,Red River,Louisiana,515,45.60776699029126,500
42065,Jefferson,Pennsylvania,703,45.587482219061165,1295
54003,Berkeley,West Virginia,1073,45.5358807082945,3690
37179,Union,North Carolina,1767,45.346915676287495,5289
17093,Kendall,Illinois,599,45.26544240400668,1531
13181,Lincoln,Georgia,378,45.1931216931217,851
5031,Craighead,Arkansas,352,45.17897727272727,1557
22031,De Soto,Louisiana,925,45.17297297297297,948
55101,Racine,Wisconsin,625,45.144,2366
48361,Orange,Texas,1207,44.87821043910522,1382
18057,Hamilton,Indiana,2060,44.72572815533981,1936
39029,Columbiana,Ohio,1306,44.67687595712098,1549
21049,Clark,Kentucky,240,44.675,1414
34033,Salem,New Jersey,1404,44.666666666666664,2158
45053,Jasper,South Carolina,320,44.615625,597
13261,Sumter,Georgia,553,44.54792043399638,410
45085,Sumter,South Carolina,1081,44.43663274745606,2101
37107,Lenoir,North Carolina,293,44.37201365187713,807
39087,Lawrence,Ohio,618,44.36731391585761,1788
45019,Charleston,South Carolina,3493,44.29172630976238,2437
51770,Roanoke,Virginia,1073,44.281453867660765,556
19069,Franklin,Iowa,24,44.25,346
26089,Leelanau,Michigan,209,44.20574162679426,803
13067,Cobb,Georgia,2159,44.1991662806855,6453
51685,Manassas Park,Virginia,31,44.193548387096776,268
26083,Keweenaw,Michigan,134,44.12686567164179,1355
12089,Nassau,Florida,1125,44.06755555555556,2465
28089,Madison,Mississippi,1415,44.01766784452297,1377
39099,Mahoning,Ohio,2116,43.9796786389414,2134
8005,Arapahoe,Colorado,4214,43.97081158044613,4925
40097,Mayes,Oklahoma,1033,43.96611810261375,984
22005,Ascension,Louisiana,1157,43.694036300777874,3657
39109,Miami,Ohio,821,43.65408038976857,6544
51067,Franklin,Virginia,1218,43.589490968801314,2221
31081,Hamilton,Nebraska,103,43.51456310679612,1079
28029,Copiah,Mississippi,370,43.513513513513516,867
20177,Shawnee,Kansas,213,43.39906103286385,546
10001,Kent,Delaware,881,43.390465380249715,7253
42073,Lawrence,Pennsylvania,1047,43.29703915950334,6075
48273,Kleberg,Texas,388,43.18556701030928,1489
55133,Waukesha,Wisconsin,1284,43.1822429906542,2488
37047,Columbus,North Carolina,572,43.14335664335665,1271
17097,Lake,Illinois,2878,43.13412091730368,7771
12111,St. Lucie,Florida,3408,43.102406103286384,3403
42083,McKean,Pennsylvania,694,42.783861671469744,614
54019,Fayette,West Virginia,1945,42.782005141388176,1030
17143,Peoria,Illinois,1223,42.76042518397384,947
37059,Davie,North Carolina,547,42.6745886654479,2131
28033,DeSoto,Mississippi,1159,42.67299396031061,778
22013,Bienville,Louisiana,736,42.66711956521739,1411
19191,Winneshiek,Iowa,42,42.61904761904762,233
48487,Wilbarger,Texas,134,42.59701492537314,742
42131,Wyoming,Pennsylvania,626,42.567092651757186,462
12101,Pasco,Florida,3635,42.494085281980745,3341
37057,Davidson,North Carolina,1371,42.39533187454413,1325
28149,Warren,Mississippi,1187,42.32097725358045,1957
8117,Summit,Colorado,243,42.26337448559671,282
22055,Lafayette,Louisiana,533,42.23639774859287,812
42035,Clinton,Pennsylvania,546,42.223443223443226,1001
55073,Marathon,Wisconsin,1063,42.17873941674506,2285
40143,Tulsa,Oklahoma,3934,42.14946619217082,6060
13151,Henry,Georgia,1075,42.10976744186046,4467
45035,Dorchester,South Carolina,1161,42.08096468561585,3235
39003,Allen,Ohio,1019,42.07360157016683,715
39039,Defiance,Ohio,534,42.0374531835206,596
18143,Scott,Indiana,197,42.015228426395936,1939
13073,Columbia,Georgia,1906,42.002623294858346,2590
5029,Conway,Arkansas,574,41.886759581881535,568
51153,Prince William,Virginia,964,41.75103734439834,2591
48095,Concho,Texas,34,41.64705882352941,283
5023,Cleburne,Arkansas,217,41.57142857142857,512
19107,Keokuk,Iowa,167,41.538922155688624,550
28001,Adams,Mississippi,569,41.51493848857645,1046
36025,Delaware,New York,839,41.43623361144219,561
12013,Calhoun,Florida,346,41.421965317919074,397
39163,Vinton,Ohio,568,41.399647887323944,1054
39147,Seneca,Ohio,385,41.35324675324675,569
13107,Emanuel,Georgia,278,41.29496402877698,993
26123,Newaygo,Michigan,713,41.14446002805049,1046
42111,Somerset,Pennsylvania,968,41.110537190082646,422
18157,Tippecanoe,Indiana,1646,41.07533414337789,1901
45071,Newberry,South Carolina,180,40.71666666666667,850
21183,Ohio,Kentucky,135,40.696296296296296,302
48325,Medina,Texas,4708,40.68627867459643,4880
27139,Scott,Minnesota,544,40.63235294117647,3277
27037,Dakota,Minnesota,858,40.62004662004662,792
48485,Wichita,Texas,1813,40.61003861003861,4151
45073,Oconee,South Carolina,278,40.5431654676259,883
13143,Haralson,Georgia,489,40.50306748466258,331
48139,Ellis,Texas,2269,40.31687968267959,2789
8077,Mesa,Colorado,436,40.28211009174312,1810
55067,Langlade,Wisconsin,639,40.237871674491394,2292
29099,Jefferson,Missouri,1442,40.22330097087379,1640
39161,Van Wert,Ohio,297,40.121212121212125,1528
42119,Union,Pennsylvania,371,40.110512129380055,430
37067,Forsyth,North Carolina,2987,40.091061265483766,2371
12007,Bradford,Florida,405,40.03456790123457,781
12037,Franklin,Florida,470,40.02978723404255,1716
21007,Ballard,Kentucky,47,39.91489361702128,306
47003,Bedford,Tennessee,372,39.895161290322584,1122
48231,Hunt,Texas,755,39.81324503311258,856
48175,Goliad,Texas,193,39.69430051813472,160
16061,Lewis,Idaho,355,39.66197183098591,888
5053,Grant,Arkansas,362,39.5828729281768,805
13193,Macon,Georgia,577,39.566724436741765,473
55127,Walworth,Wisconsin,1065,39.51267605633803,2741
42081,Lycoming,Pennsylvania,1146,39.49040139616056,2109
48479,Webb,Texas,1795,39.43565459610028,1978
17019,Champaign,Illinois,1044,39.40900383141762,1207
37123,Montgomery,North Carolina,749,39.38184245660881,1905
28121,Rankin,Mississippi,1141,39.355828220858896,1267
48013,Atascosa,Texas,633,39.12322274881517,1470
22039,Evangeline,Louisiana,683,39.02489019033675,966
6051,Mono,California,431,38.951276102088165,332
39097,Madison,Ohio,987,38.93819655521783,1400
28005,Amite,Mississippi,337,38.93768545994065,473
48099,Coryell,Texas,511,38.863013698630134,5674
12015,Charlotte,Florida,3203,38.85326256634405,3099
12097,Osceola,Florida,1689,38.76850207223209,4107
19139,Muscatine,Iowa,98,38.724489795918366,450
26071,Iron,Michigan,255,38.5921568627451,335
48311,McMullen,Texas,119,38.529411764705884,127
13241,Rabun,Georgia,701,38.516405135520685,2407
21127,Lawrence,Kentucky,848,38.490566037735846,764
12017,Citrus,Florida,1782,38.27216610549944,2188
37159,Rowan,North Carolina,1819,38.18196811434854,1447
28109,Pearl River,Mississippi,398,38.178391959798994,2027
13171,Lamar,Georgia,685,38.03795620437956,1354
26119,Montmorency,Michigan,50,37.9,151
48383,Reagan,Texas,199,37.73869346733668,180
22077,Pointe Coupee,Louisiana,383,37.72845953002611,1530
45061,Lee,South Carolina,283,37.71024734982332,1368
13021,Bibb,Georgia,2422,37.67464905037159,3112
17197,Will,Illinois,3205,37.66864274570983,3284
21071,Floyd,Kentucky,734,37.64850136239782,829
21179,Nelson,Kentucky,52,37.59615384615385,136
19123,Mahaska,Iowa,22,37.59090909090909,92
42075,Lebanon,Pennsylvania,1390,37.55755395683453,1590
12033,Escambia,Florida,3192,37.545112781954884,4705
51139,Page,Virginia,152,37.5,57
20209,Wyandotte,Kansas,1782,37.478675645342314,1944
12117,Seminole,Florida,3663,37.44471744471745,2105
34023,Middlesex,New Jersey,3354,37.344066785927254,2522
13055,Chattooga,Georgia,585,37.32136752136752,382
45079,Richland,South Carolina,2756,37.3200290275762,3675
21045,Casey,Kentucky,78,37.30769230769231,350
22059,LaSalle,Louisiana,248,37.29435483870968,957
42105,Potter,Pennsylvania,272,37.25735294117647,986
48441,Taylor,Texas,703,37.15931721194879,1278
37031,Carteret,North Carolina,536,37.156716417910445,1921
36003,Allegany,New York,424,37.12971698113208,403
26101,Manistee,Michigan,446,37.12780269058296,390
12133,Washington,Florida,554,37.11371841155235,537
34011,Cumberland,New Jersey,1337,37.01421091997008,2436
44003,Kent,Rhode Island,957,36.994775339602924,2368
37181,Vance,North Carolina,698,36.98853868194843,2799
20173,Sedgwick,Kansas,341,36.935483870967744,2883
26137,Otsego,Michigan,648,36.92438271604938,674
45065,McCormick,South Carolina,108,36.879629629629626,330
19067,Floyd,Iowa,21,36.80952380952381,48
53075,Whitman,Washington,743,36.732166890982505,578
13215,Muscogee,Georgia,2059,36.67799902865469,2722
26019,Benzie,Michigan,144,36.666666666666664,210
22079,Rapides,Louisiana,1722,36.27293844367015,1165
29183,St. Charles,Missouri,1262,36.26148969889065,1992
39079,Jackson,Ohio,693,36.23520923520923,582
36049,Lewis,New York,545,36.190825688073396,314
36045,Jefferson,New York,1158,36.15889464594128,994
51001,Accomack,Virginia,1474,36.031886024423336,3377
51009,Amherst,Virginia,667,35.99550224887556,1412
26165,Wexford,Michigan,419,35.914081145584724,311
13289,Twiggs,Georgia,255,35.91372549019608,1306
22063,Livingston,Louisiana,860,35.890697674418604,1117
54013,Calhoun,West Virginia,383,35.806788511749346,220
22015,Bossier,Louisiana,1602,35.80274656679151,1295
37025,Cabarrus,North Carolina,1679,35.77188802858844,2560
22097,St. Landry,Louisiana,973,35.614594039054474,1237
28041,Greene,Mississippi,35,35.57142857142857,173
22043,Grant,Louisiana,858,35.45920745920746,1559
35025,Lea,New Mexico,796,35.428391959798994,2299
27111,Otter Tail,Minnesota,715,35.36223776223776,970
17149,Pike,Illinois,84,35.273809523809526,880
53063,Spokane,Washington,2032,35.164370078740156,2830
24005,Baltimore,Maryland,5053,35.10963783890758,4849
13265,Taliaferro,Georgia,89,35.01123595505618,192
1131,Wilcox,Alabama,108,34.925925925925924,405
48177,Gonzales,Texas,665,34.79548872180451,1988
47001,Anderson,Tennessee,469,34.769722814498934,1413
17111,McHenry,Illinois,1667,34.62987402519496,1925
27045,Fillmore,Minnesota,10,34.6,85
12079,Madison,Florida,554,34.57039711191336,1583
19087,Henry,Iowa,135,34.48148148148148,548
37175,Transylvania,North Carolina,1142,34.47548161120841,1378
17011,Bureau,Illinois,431,34.47331786542924,631
27099,Mower,Minnesota,44,34.40909090909091,106
48167,Galveston,Texas,3782,34.1776837652036,4493
37087,Haywood,North Carolina,912,34.05701754385965,1116
21131,Leslie,Kentucky,607,33.98846787479407,395
12067,Lafayette,Florida,670,33.98059701492537,674
13269,Taylor,Georgia,495,33.852525252525254,1612
5037,Cross,Arkansas,396,33.82828282828283,1079
48253,Jones,Texas,86,33.77906976744186,500
13275,Thomas,Georgia,308,33.717532467532465,542
55099,Price,Wisconsin,64,33.671875,263
48459,Upshur,Texas,325,33.621538461538464,1687
37161,Rutherford,North Carolina,979,33.59652706843718,1648
26009,Antrim,Michigan,892,33.56390134529148,430
48083,Coleman,Texas,82,33.5609756097561,159
48321,Matagorda,Texas,941,33.53241232731137,747
42027,Centre,Pennsylvania,1207,33.410936205468104,2021
26027,Cass,Michigan,483,33.39958592132505,716
55083,Oconto,Wisconsin,488,33.35450819672131,1362
51061,Fauquier,Virginia,408,33.30392156862745,1169
51193,Westmoreland,Virginia,223,33.2914798206278,1040
37129,New Hanover,North Carolina,1839,33.284937466014135,2666
31047,Dawson,Nebraska,30,33.266666666666666,277
45029,Colleton,South Carolina,498,33.24096385542169,511
13317,Wilkes,Georgia,67,33.223880597014926,103
1013,Butler,Alabama,249,33.096385542168676,615
20079,Harvey,Kansas,61,33.08196721311475,210
13319,Wilkinson,Georgia,291,33.03780068728523,1074
18091,LaPorte,Indiana,439,33.0250569476082,1214
51057,Essex,Virginia,132,32.93939393939394,384
17187,Warren,Illinois,206,32.859223300970875,752
19197,Wright,Iowa,14,32.857142857142854,113
47031,Coffee,Tennessee,426,32.82394366197183,1434
53043,Lincoln,Washington,329,32.77203647416413,631
34021,Mercer,New Jersey,1883,32.72809346787042,2793
37157,Rockingham,North Carolina,1421,32.69880365939479,1716
17091,Kankakee,Illinois,1615,32.6656346749226,3524
54059,Mingo,West Virginia,1235,32.66477732793522,1031
26035,Clare,Michigan,408,32.66421568627451,1132
29045,Clark,Missouri,48,32.625,278
13099,Early,Georgia,29,32.62068965517241,114
28161,Yalobusha,Mississippi,81,32.58024691358025,120
6027,Inyo,California,408,32.46813725490196,1525
37151,Randolph,North Carolina,1773,32.39875916525663,2327
51003,Albemarle,Virginia,307,32.37785016286645,619
45039,Fairfield,South Carolina,186,32.37096774193548,658
42099,Perry,Pennsylvania,771,32.36964980544747,395
45049,Hampton,South Carolina,294,32.265306122448976,1017
48367,Parker,Texas,1063,32.19661335841957,2158
26055,Grand Traverse,Michigan,308,32.185064935064936,716
18135,Randolph,Indiana,246,32.17886178861789,1100
34005,Burlington,New Jersey,2546,32.06323644933229,3231
5115,Pope,Arkansas,1184,31.97212837837838,1808
40065,Jackson,Oklahoma,44,31.954545454545453,101
37003,Alexander,North Carolina,551,31.941923774954628,996
48309,McLennan,Texas,2306,31.887250650477018,2898
12041,Gilchrist,Florida,847,31.80755608028335,1254
36065,Oneida,New York,1677,31.788908765652952,1710
13225,Peach,Georgia,575,31.784347826086957,469
27091,Martin,Minnesota,50,31.78,239
17057,Fulton,Illinois,315,31.755555555555556,316
19183,Washington,Iowa,122,31.614754098360656,272
13227,Pickens,Georgia,590,31.572881355932203,522
27043,Faribault,Minnesota,194,31.556701030927837,360
12105,Polk,Florida,2880,31.523958333333333,2409
42121,Venango,Pennsylvania,1080,31.46759259259259,1240
48455,Trinity,Texas,627,31.454545454545453,782
39005,Ashland,Ohio,648,31.444444444444443,1331
24009,Calvert,Maryland,1078,31.384972170686456,1300
13293,Upson,Georgia,296,31.361486486486488,1484
37061,Duplin,North Carolina,373,31.260053619302948,520
22053,Jefferson Davis,Louisiana,533,31.213883677298313,1253
29510,St. Louis,Missouri,1841,31.205866376969038,2428
36097,Schuyler,New York,296,31.118243243243242,183
48423,Smith,Texas,2966,31.044167228590695,1382
45031,Darlington,South Carolina,777,31.023166023166024,1283
13277,Tift,Georgia,413,30.990314769975786,1497
18063,Hendricks,Indiana,827,30.95888754534462,906
48463,Uvalde,Texas,645,30.93953488372093,314
13145,Harris,Georgia,477,30.867924528301888,980
44007,Providence,Rhode Island,1978,30.853892821031344,1437
39023,Clark,Ohio,1353,30.764227642276424,3301
18015,Carroll,Indiana,228,30.714912280701753,264
47123,Monroe,Tennessee,1222,30.683306055646483,828
22073,Ouachita,Louisiana,1717,30.647641234711706,2613
17163,St. Clair,Illinois,1670,30.63053892215569,1292
36081,Queens,New York,5145,30.610106899902817,1701
5015,Carroll,Arkansas,135,30.57777777777778,158
47149,Rutherford,Tennessee,309,30.56957928802589,2060
37153,Richmond,North Carolina,647,30.52241112828439,1172
21089,Greenup,Kentucky,594,30.18686868686869,254
13233,Polk,Georgia,786,30.181933842239186,1507
37155,Robeson,North Carolina,946,30.149048625792812,1589
37015,Bertie,North Carolina,502,30.01593625498008,153
18035,Delaware,Indiana,880,29.980681818181818,1424
27019,Carver,Minnesota,478,29.97071129707113,520
12109,St. Johns,Florida,2678,29.941747572815533,1771
48025,Bee,Texas,2802,29.933975731620272,771
13127,Glynn,Georgia,1683,29.91800356506239,1399
45069,Marlboro,South Carolina,150,29.906666666666666,188
26039,Crawford,Michigan,411,29.900243309002434,602
26109,Menominee,Michigan,341,29.870967741935484,2641
22101,St. Mary,Louisiana,579,29.813471502590673,1805
13113,Fayette,Georgia,443,29.715575620767495,1513
51027,Buchanan,Virginia,1010,29.655445544554457,294
5145,White,Arkansas,1023,29.650048875855326,1095
45041,Florence,South Carolina,1231,29.597887896019497,961
21041,Carroll,Kentucky,54,29.59259259259259,367
22123,West Carroll,Louisiana,129,29.589147286821706,424
24003,Anne Arundel,Maryland,5146,29.520209871745045,3757
40115,Ottawa,Oklahoma,472,29.50635593220339,935
18051,Gibson,Indiana,398,29.477386934673365,409
8069,Larimer,Colorado,2808,29.44871794871795,2011
48001,Anderson,Texas,990,29.376767676767678,748
12063,Jackson,Florida,970,29.35463917525773,676
18169,Wabash,Indiana,632,29.30221518987342,1050
12069,Lake,Florida,1921,29.238938053097346,904
40125,Pottawatomie,Oklahoma,920,29.145652173913042,1223
19059,Dickinson,Iowa,106,29.11320754716981,177
37193,Wilkes,North Carolina,890,29.086516853932583,982
39001,Adams,Ohio,368,29.008152173913043,605
29163,Pike,Missouri,262,28.977099236641223,403
48489,Willacy,Texas,387,28.899224806201552,134
47165,Sumner,Tennessee,1472,28.872282608695652,2657
13039,Camden,Georgia,781,28.86683738796415,1339
55078,Menominee,Wisconsin,127,28.826771653543307,249
34035,Somerset,New Jersey,1872,28.700320512820515,3563
12125,Union,Florida,449,28.652561247216035,627
12085,Martin,Florida,3188,28.624843161856962,4424
20127,Morris,Kansas,26,28.615384615384617,68
37197,Yadkin,North Carolina,420,28.571428571428573,506
21051,Clay,Kentucky,97,28.54639175257732,499
55079,Milwaukee,Wisconsin,2046,28.54594330400782,3400
17133,Monroe,Illinois,189,28.50793650793651,290
42009,Bedford,Pennsylvania,764,28.43324607329843,863
29093,Iron,Missouri,241,28.410788381742737,582
25007,Dukes,Massachusetts,716,28.368715083798882,1518
48371,Pecos,Texas,263,28.330798479087452,381
12005,Bay,Florida,2094,28.28987583572111,1437
24027,Howard,Maryland,3574,28.28511471740347,3912
36123,Yates,New York,230,28.247826086956522,215
5125,Saline,Arkansas,986,28.123732251521297,363
36037,Genesee,New York,751,28.050599201065246,289
22127,Winn,Louisiana,505,28.013861386138615,244
48363,Palo Pinto,Texas,469,27.946695095948826,460
18053,Grant,Indiana,755,27.94569536423841,1608
29187,St. Francois,Missouri,552,27.91485507246377,423
55087,Outagamie,Wisconsin,580,27.875862068965517,2003
37163,Sampson,North Carolina,579,27.86355785837651,378
48151,Fisher,Texas,18,27.833333333333332,72
17089,Kane,Illinois,1638,27.808913308913308,2139
1047,Dallas,Alabama,235,27.77872340425532,279
48185,Grimes,Texas,493,27.77079107505071,359
37089,Henderson,North Carolina,2691,27.705685618729095,1448
24510,Baltimore,Maryland,4375,27.6976,2118
55041,Forest,Wisconsin,509,27.69351669941061,1707
22047,Iberville,Louisiana,562,27.608540925266905,674
48211,Hemphill,Texas,39,27.512820512820515,93
13115,Floyd,Georgia,1292,27.5015479876161,1835
18085,Kosciusko,Indiana,46,27.47826086956522,112
22069,Natchitoches,Louisiana,1283,27.459859703819173,477
51051,Dickenson,Virginia,810,27.380246913580248,404
1001,Autauga,Alabama,218,27.357798165137616,643
27103,Nicollet,Minnesota,56,27.339285714285715,76
18109,Morgan,Indiana,403,27.307692307692307,564
13083,Dade,Georgia,597,27.281407035175878,677
20011,Bourbon,Kansas,30,27.233333333333334,740
40091,McIntosh,Oklahoma,172,27.174418604651162,1528
21073,Franklin,Kentucky,206,27.150485436893202,368
13167,Johnson,Georgia,136,27.139705882352942,257
45007,Anderson,South Carolina,2975,27.138487394957984,2748
48239,Jackson,Texas,307,27.133550488599347,427
17183,Vermilion,Illinois,701,27.02710413694722,3456
48401,Rusk,Texas,680,27.016176470588235,416
48465,Val Verde,Texas,266,27.00375939849624,179
13097,Douglas,Georgia,426,26.950704225352112,449
48049,Brown,Texas,567,26.784832451499117,486
21203,Rockcastle,Kentucky,36,26.77777777777778,76
42067,Juniata,Pennsylvania,303,26.755775577557756,385
28101,Newton,Mississippi,129,26.713178294573645,346
26029,Charlevoix,Michigan,518,26.70849420849421,371
22011,Beauregard,Louisiana,1102,26.685117967332122,1926
37133,Onslow,North Carolina,710,26.66760563380282,1318
37077,Granville,North Carolina,683,26.655929721815518,1252
13135,Gwinnett,Georgia,2959,26.61541061169314,3435
48249,Jim Wells,Texas,983,26.589013224821972,1679
12059,Holmes,Florida,477,26.561844863731658,498
22119,Webster,Louisiana,691,26.55861070911722,265
48059,Callahan,Texas,236,26.483050847457626,604
13071,Colquitt,Georgia,162,26.47530864197531,604
48003,Andrews,Texas,897,26.433667781493867,1706
5069,Jefferson,Arkansas,1646,26.410085054678007,1255
13079,Crawford,Georgia,433,26.40877598152425,466
18009,Blackford,Indiana,176,26.329545454545453,382
24037,St. Mary's,Maryland,1548,26.31266149870801,1001
51085,Hanover,Virginia,211,26.27962085308057,751
37001,Alamance,North Carolina,1812,26.240618101545255,2930
42013,Blair,Pennsylvania,1117,26.208594449418083,1373
40107,Okfuskee,Oklahoma,212,26.20754716981132,403
48357,Ochiltree,Texas,161,26.149068322981368,159
20087,Jefferson,Kansas,25,26.12,425
55139,Winnebago,Wisconsin,2370,26.07510548523207,1952
28143,Tunica,Mississippi,253,26.063241106719367,223
27137,St. Louis,Minnesota,986,25.98782961460446,478
13059,Clarke,Georgia,847,25.929161747343567,2772
18025,Crawford,Indiana,261,25.85823754789272,202
5133,Sevier,Arkansas,269,25.806691449814128,271
26135,Oscoda,Michigan,354,25.75141242937853,352
48181,Grayson,Texas,1590,25.744025157232706,2957
26105,Mason,Michigan,679,25.686303387334316,340
22095,St. John the Baptist,Louisiana,819,25.66910866910867,1672
19105,Jones,Iowa,97,25.65979381443299,468
28085,Lincoln,Mississippi,518,25.635135135135137,473
26133,Osceola,Michigan,516,25.51356589147287,904
28079,Leake,Mississippi,137,25.496350364963504,108
42115,Susquehanna,Pennsylvania,931,25.483351235230934,495
48257,Kaufman,Texas,1323,25.471655328798185,1644
13175,Laurens,Georgia,552,25.456521739130434,925
51137,Orange,Virginia,325,25.415384615384614,350
21093,Hardin,Kentucky,250,25.412,624
48303,Lubbock,Texas,254,25.38976377952756,3479
55123,Vernon,Wisconsin,119,25.386554621848738,471
54105,Wirt,West Virginia,409,25.383863080684595,92
28151,Washington,Mississippi,882,25.3718820861678,678
48495,Winkler,Texas,192,25.317708333333332,97
55027,Dodge,Wisconsin,621,25.312399355877616,1197
12073,Leon,Florida,42,25.285714285714285,54
13093,Dooly,Georgia,260,25.26923076923077,408
48499,Wood,Texas,227,25.255506607929515,294
5093,Mississippi,Arkansas,476,25.186974789915965,460
13139,Hall,Georgia,992,25.166330645161292,2549
5007,Benton,Arkansas,210,25.10952380952381,589
42109,Snyder,Pennsylvania,413,25.10411622276029,286
48347,Nacogdoches,Texas,995,24.975879396984926,1045
21057,Cumberland,Kentucky,69,24.91304347826087,415
29027,Callaway,Missouri,172,24.88953488372093,718
40031,Comanche,Oklahoma,913,24.88828039430449,1190
13159,Jasper,Georgia,104,24.865384615384617,651
17037,DeKalb,Illinois,564,24.858156028368793,975
51183,Sussex,Virginia,55,24.854545454545455,638
38017,Cass,North Dakota,633,24.755134281200633,301
21107,Hopkins,Kentucky,334,24.682634730538922,819
39069,Henry,Ohio,351,24.672364672364672,174
17105,Livingston,Illinois,492,24.64430894308943,1285
17013,Calhoun,Illinois,46,24.630434782608695,280
51097,King and Queen,Virginia,88,24.579545454545453,132
48217,Hill,Texas,411,24.579075425790755,530
18043,Floyd,Indiana,794,24.57682619647355,412
18061,Harrison,Indiana,112,24.482142857142858,540
26079,Kalkaska,Michigan,465,24.47956989247312,622
55017,Chippewa,Wisconsin,246,24.414634146341463,2849
51177,Spotsylvania,Virginia,336,24.375,291
51175,Southampton,Virginia,181,24.353591160220994,475
12035,Flagler,Florida,1796,24.33184855233853,2180
37137,Pamlico,North Carolina,120,24.308333333333334,174
48387,Red River,Texas,237,24.265822784810126,596
21095,Harlan,Kentucky,709,24.249647390691113,389
21043,Carter,Kentucky,640,24.203125,355
22049,Jackson,Louisiana,372,24.1747311827957,238
55081,Monroe,Wisconsin,278,24.154676258992804,134
27079,Le Sueur,Minnesota,270,24.14074074074074,285
17181,Union,Illinois,149,24.114093959731544,862
47093,Knox,Tennessee,67,24.074626865671643,50
47027,Clay,Tennessee,152,24.039473684210527,583
48473,Waller,Texas,1848,23.99512987012987,2198
13221,Oglethorpe,Georgia,157,23.987261146496817,324
39015,Brown,Ohio,1516,23.95118733509235,2566
39021,Champaign,Ohio,366,23.939890710382514,1571
18145,Shelby,Indiana,966,23.93271221532091,1021
40063,Hughes,Oklahoma,348,23.92528735632184,438
12107,Putnam,Florida,1543,23.919637070641606,1470
48143,Erath,Texas,335,23.91044776119403,500
40111,Okmulgee,Oklahoma,317,23.801261829652997,1439
28053,Humphreys,Mississippi,280,23.77857142857143,319
13057,Cherokee,Georgia,1198,23.7220367278798,666
48457,Tyler,Texas,381,23.711286089238847,368
37097,Iredell,North Carolina,1502,23.68641810918775,2063
48491,Williamson,Texas,1840,23.680978260869566,1958
18171,Warren,Indiana,187,23.59893048128342,63
18139,Rush,Indiana,345,23.594202898550726,241
22121,West Baton Rouge,Louisiana,354,23.581920903954803,2454
40037,Creek,Oklahoma,1073,23.57595526561044,2939
45089,Williamsburg,South Carolina,368,23.546195652173914,561
18119,Owen,Indiana,179,23.497206703910614,557
51131,Northampton,Virginia,398,23.48994974874372,374
5027,Columbia,Arkansas,723,23.44536652835408,1249
37099,Jackson,North Carolina,971,23.440782698249226,706
37171,Surry,North Carolina,682,23.38856304985337,921
18033,DeKalb,Indiana,230,23.31304347826087,207
40021,Cherokee,Oklahoma,937,23.30949839914621,2233
37173,Swain,North Carolina,493,23.30628803245436,464
45003,Aiken,South Carolina,1523,23.212081418253447,1501
13085,Dawson,Georgia,337,23.130563798219583,920
40081,Lincoln,Oklahoma,437,23.123569794050344,602
48163,Frio,Texas,792,23.11868686868687,1608
39149,Shelby,Ohio,230,23.004347826086956,2448
29071,Franklin,Missouri,811,23.0,959
51109,Louisa,Virginia,276,22.985507246376812,545
45021,Cherokee,South Carolina,445,22.93258426966292,1282
8041,El Paso,Colorado,1617,22.920841063698205,1582
13301,Warren,Georgia,206,22.90776699029126,403
37149,Polk,North Carolina,567,22.8994708994709,537
37037,Chatham,North Carolina,983,22.899287894201425,1021
20103,Leavenworth,Kansas,113,22.849557522123895,205
28027,Coahoma,Mississippi,253,22.806324110671937,170
26047,Emmet,Michigan,590,22.73728813559322,1359
22089,St. Charles,Louisiana,1268,22.731072555205046,1553
5139,Union,Arkansas,1383,22.67172812725958,796
27163,Washington,Minnesota,3194,22.6574827802129,3677
27057,Hubbard,Minnesota,779,22.62901155327343,2037
51023,Botetourt,Virginia,502,22.59163346613546,277
17177,Stephenson,Illinois,379,22.58047493403694,1667
22009,Avoyelles,Louisiana,715,22.56223776223776,320
22083,Richland,Louisiana,454,22.537444933920703,616
45091,York,South Carolina,1289,22.47168347556245,2866
17095,Knox,Illinois,478,22.456066945606693,759
37103,Jones,North Carolina,73,22.45205479452055,138
40041,Delaware,Oklahoma,1516,22.37664907651715,1242
21225,Union,Kentucky,94,22.351063829787233,774
18095,Madison,Indiana,1027,22.292112950340798,2290
17179,Tazewell,Illinois,983,22.20651068158698,369
37007,Anson,North Carolina,373,22.171581769436997,388
27141,Sherburne,Minnesota,175,22.16,343
19057,Des Moines,Iowa,255,22.129411764705882,268
13243,Randolph,Georgia,159,22.09433962264151,572
37101,Johnston,North Carolina,1414,22.074964639321074,416
47179,Washington,Tennessee,75,22.053333333333335,47
21013,Bell,Kentucky,463,22.00647948164147,1176
48057,Calhoun,Texas,338,22.002958579881657,119
17201,Winnebago,Illinois,1507,21.98739216987392,473
24017,Charles,Maryland,1565,21.986581469648563,1957
21163,Meade,Kentucky,172,21.982558139534884,569
21119,Knott,Kentucky,754,21.923076923076923,1081
12075,Levy,Florida,983,21.91353001017294,1998
37191,Wayne,North Carolina,930,21.90215053763441,1451
13105,Elbert,Georgia,58,21.896551724137932,686
29197,Schuyler,Missouri,29,21.896551724137932,28
17107,Logan,Illinois,312,21.80128205128205,743
40089,McCurtain,Oklahoma,301,21.774086378737543,1765
28107,Panola,Mississippi,199,21.688442211055275,106
37069,Franklin,North Carolina,650,21.627692307692307,1162
13245,Richmond,Georgia,2309,21.609354699003898,1582
28127,Simpson,Mississippi,302,21.509933774834437,237
27049,Goodhue,Minnesota,80,21.45,138
29113,Lincoln,Missouri,682,21.44868035190616,870
27027,Clay,Minnesota,58,21.43103448275862,52
17113,McLean,Illinois,808,21.426980198019802,291
37027,Caldwell,North Carolina,739,21.40595399188092,1353
13249,Schley,Georgia,80,21.4,124
48507,Zavala,Texas,567,21.38095238095238,1079
28011,Bolivar,Mississippi,589,21.25297113752122,606
21153,Magoffin,Kentucky,260,21.25,590
39175,Wyandot,Ohio,185,21.194594594594594,178
42055,Franklin,Pennsylvania,1425,21.063157894736843,1204
29089,Howard,Missouri,52,21.03846153846154,150
28125,Sharkey,Mississippi,139,21.028776978417266,343
45077,Pickens,South Carolina,1082,21.02865064695009,1534
1045,Dale,Alabama,10,21.0,21
28131,Stone,Mississippi,98,20.959183673469386,328
28157,Wilkinson,Mississippi,303,20.82838283828383,920
48145,Falls,Texas,433,20.82678983833718,430
22027,Claiborne,Louisiana,204,20.823529411764707,104
37023,Burke,North Carolina,702,20.79059829059829,2935
55113,Sawyer,Wisconsin,112,20.741071428571427,123
48005,Angelina,Texas,1630,20.711042944785277,636
17045,Edgar,Illinois,130,20.615384615384617,495
37165,Scotland,North Carolina,268,20.604477611940297,958
17103,Lee,Illinois,336,20.508928571428573,601
28021,Claiborne,Mississippi,81,20.48148148148148,116
34037,Sussex,New Jersey,89,20.415730337078653,64
54085,Ritchie,West Virginia,376,20.409574468085108,636
45015,Berkeley,South Carolina,669,20.397608370702542,587
1039,Covington,Alabama,280,20.396428571428572,383
20037,Crawford,Kansas,52,20.384615384615383,376
54021,Gilmer,West Virginia,546,20.377289377289376,276
45055,Kershaw,South Carolina,253,20.24110671936759,113
39173,Wood,Ohio,987,20.19148936170213,549
17199,Williamson,Illinois,403,20.173697270471465,1173
48329,Midland,Texas,1941,20.13755795981453,1078
37141,Pender,North Carolina,632,20.128164556962027,1216
21047,Christian,Kentucky,18,20.11111111111111,44
13137,Habersham,Georgia,765,20.104575163398692,939
54017,Doddridge,West Virginia,560,20.071428571428573,844
13259,Stewart,Georgia,223,20.031390134529147,106
29201,Scott,Missouri,183,19.994535519125684,506
5063,Independence,Arkansas,636,19.9748427672956,330
1007,Bibb,Alabama,31,19.870967741935484,37
22107,Tensas,Louisiana,386,19.844559585492227,462
47051,Franklin,Tennessee,350,19.825714285714287,1507
48393,Roberts,Texas,39,19.794871794871796,67
51173,Smyth,Virginia,2526,19.77038796516231,1041
29051,Cole,Missouri,581,19.762478485370053,2093
5085,Lonoke,Arkansas,462,19.742424242424242,1173
26053,Gogebic,Michigan,215,19.70232558139535,147
28153,Wayne,Mississippi,76,19.63157894736842,40
37063,Durham,North Carolina,2782,19.627606038820993,2184
19077,Guthrie,Iowa,36,19.583333333333332,53
18001,Adams,Indiana,280,19.582142857142856,153
22001,Acadia,Louisiana,499,19.517034068136272,515
48289,Leon,Texas,248,19.47983870967742,563
21003,Allen,Kentucky,388,19.445876288659793,852
39143,Sandusky,Ohio,503,19.36779324055666,845
35005,Chaves,New Mexico,421,19.339667458432302,631
13163,Jefferson,Georgia,825,19.322424242424244,345
18077,Jefferson,Indiana,766,19.238903394255875,611
47111,Macon,Tennessee,243,19.17283950617284,729
5045,Faulkner,Arkansas,1205,19.164315352697095,420
19157,Poweshiek,Iowa,133,19.06766917293233,382
18177,Wayne,Indiana,271,19.062730627306273,360
18069,Huntington,Indiana,397,18.992443324937028,213
17157,Randolph,Illinois,272,18.955882352941178,392
18067,Howard,Indiana,1378,18.910740203193033,6465
22067,Morehouse,Louisiana,622,18.85048231511254,750
17061,Greene,Illinois,83,18.819277108433734,357
40011,Blaine,Oklahoma,49,18.816326530612244,144
19037,Chickasaw,Iowa,25,18.8,22
21211,Shelby,Kentucky,126,18.785714285714285,252
48475,Ward,Texas,984,18.7489837398374,3267
8015,Chaffee,Colorado,72,18.73611111111111,254
39059,Guernsey,Ohio,520,18.646153846153847,322
13307,Webster,Georgia,78,18.641025641025642,320
5049,Fulton,Arkansas,84,18.607142857142858,120
13035,Butts,Georgia,215,18.595348837209304,119
17099,LaSalle,Illinois,1075,18.441860465116278,408
38003,Barnes,North Dakota,143,18.41958041958042,76
12061,Indian River,Florida,2092,18.41108986615679,2290
5147,Woodruff,Arkansas,156,18.352564102564102,435
51075,Goochland,Virginia,14,18.285714285714285,219
17015,Carroll,Illinois,102,18.254901960784313,81
13087,Decatur,Georgia,636,18.24056603773585,691
48071,Chambers,Texas,1745,18.236676217765044,423
55039,Fond du Lac,Wisconsin,752,18.14095744680851,631
19045,Clinton,Iowa,174,18.10919540229885,373
36085,Richmond,New York,1624,18.0935960591133,2047
48313,Madison,Texas,340,18.05,904
55055,Jefferson,Wisconsin,422,18.018957345971565,875
44001,Bristol,Rhode Island,256,17.98828125,400
1003,Baldwin,Alabama,1510,17.9635761589404,729
55025,Dane,Wisconsin,950,17.962105263157895,653
48481,Wharton,Texas,2463,17.901745838408445,1913
34039,Union,New Jersey,3331,17.839987991594114,2941
1109,Pike,Alabama,232,17.80603448275862,380
55089,Ozaukee,Wisconsin,312,17.762820512820515,506
26107,Mecosta,Michigan,274,17.664233576642335,147
21173,Montgomery,Kentucky,173,17.61849710982659,546
51043,Clarke,Virginia,292,17.57191780821918,195
48203,Harrison,Texas,504,17.50595238095238,352
21125,Laurel,Kentucky,441,17.498866213151928,1955
13063,Clayton,Georgia,2412,17.463101160862355,2084
17007,Boone,Illinois,388,17.440721649484537,113
26113,Missaukee,Michigan,253,17.363636363636363,477
5009,Boone,Arkansas,962,17.33887733887734,401
8001,Adams,Colorado,3475,17.28863309352518,3337
12045,Gulf,Florida,284,17.281690140845072,630
39117,Morrow,Ohio,569,17.2688927943761,405
13255,Spalding,Georgia,223,17.255605381165918,633
51079,Greene,Virginia,139,17.25179856115108,205
5103,Ouachita,Arkansas,527,17.22011385199241,229
31161,Sheridan,Nebraska,192,17.21875,166
51195,Wise,Virginia,942,17.208067940552016,888
48281,Lampasas,Texas,40,17.175,91
37121,Mitchell,North Carolina,291,17.168384879725085,126
45057,Lancaster,South Carolina,1075,17.06325581395349,1945
19095,Iowa,Iowa,46,17.02173913043478,74
20027,Clay,Kansas,10,17.0,17
21213,Simpson,Kentucky,5,17.0,17
28051,Holmes,Mississippi,400,16.995,244
48237,Jack,Texas,184,16.902173913043477,312
19117,Lucas,Iowa,70,16.885714285714286,92
13205,Mitchell,Georgia,117,16.846153846153847,1672
37167,Stanly,North Carolina,731,16.79343365253078,283
27017,Carlton,Minnesota,311,16.726688102893892,367
48247,Jim Hogg,Texas,325,16.701538461538462,133
51113,Madison,Virginia,253,16.656126482213438,224
5123,St. Francis,Arkansas,691,16.655571635311144,197
13023,Bleckley,Georgia,136,16.61764705882353,939
17085,Jo Daviess,Illinois,68,16.61764705882353,148
50013,Grand Isle,Vermont,1141,16.551270815074496,77
29029,Camden,Missouri,494,16.524291497975707,784
19007,Appanoose,Iowa,173,16.508670520231213,164
13189,McDuffie,Georgia,621,16.486312399355878,535
48047,Brooks,Texas,540,16.466666666666665,355
28133,Sunflower,Mississippi,693,16.464646464646464,305
48207,Haskell,Texas,111,16.43243243243243,448
39159,Union,Ohio,421,16.425178147268408,195
28119,Quitman,Mississippi,245,16.412244897959184,341
18019,Clark,Indiana,1270,16.402362204724408,646
17167,Sangamon,Illinois,545,16.40183486238532,1009
39123,Ottawa,Ohio,703,16.38833570412518,203
5091,Miller,Arkansas,254,16.381889763779526,187
21077,Gallatin,Kentucky,18,16.333333333333332,36
12051,Hendry,Florida,1009,16.310208126858274,5102
21199,Pulaski,Kentucky,300,16.29,578
40137,Stephens,Oklahoma,395,16.253164556962027,1287
17055,Franklin,Illinois,287,16.21951219512195,211
19155,Pottawattamie,Iowa,30,16.133333333333333,37
45025,Chesterfield,South Carolina,549,16.13296903460838,189
31089,Holt,Nebraska,34,16.11764705882353,96
47145,Roane,Tennessee,25,16.08,251
37115,Madison,North Carolina,115,16.05217391304348,66
18041,Fayette,Indiana,569,16.045694200351495,617
24013,Carroll,Maryland,2269,16.043631555751432,1109
19173,Taylor,Iowa,1,16.0,16
17155,Putnam,Illinois,115,15.991304347826087,108
48449,Titus,Texas,145,15.882758620689655,87
19121,Madison,Iowa,25,15.88,63
37071,Gaston,North Carolina,1749,15.872498570611778,2735
13031,Bulloch,Georgia,651,15.846390168970814,1012
47119,Maury,Tennessee,236,15.792372881355933,446
36047,Kings,New York,5407,15.79175143332717,1191
17115,Macon,Illinois,838,15.78400954653938,140
27035,Crow Wing,Minnesota,595,15.742857142857142,668
8075,Logan,Colorado,77,15.74025974025974,59
40127,Pushmataha,Oklahoma,159,15.71069182389937,153
48051,Burleson,Texas,868,15.691244239631336,482
28061,Jasper,Mississippi,166,15.614457831325302,327
45009,Bamberg,South Carolina,94,15.53191489361702,555
37109,Lincoln,North Carolina,854,15.496487119437939,2829
22075,Plaquemines,Louisiana,800,15.4575,1070
13009,Baldwin,Georgia,788,15.441624365482234,401
21187,Owen,Kentucky,80,15.325,282
29225,Webster,Missouri,7,15.285714285714286,29
29043,Christian,Missouri,34,15.205882352941176,35
48251,Johnson,Texas,1414,15.166195190947667,626
27097,Morrison,Minnesota,384,15.111979166666666,855
28043,Grenada,Mississippi,536,15.083955223880597,109
1121,Talladega,Alabama,13,15.076923076923077,31
19187,Webster,Iowa,25,15.04,39
29207,Stoddard,Missouri,124,15.03225806451613,54
48275,Knox,Texas,56,14.928571428571429,33
18021,Clay,Indiana,320,14.915625,634
21209,Scott,Kentucky,412,14.893203883495145,906
31119,Madison,Nebraska,594,14.885521885521886,631
35009,Curry,New Mexico,256,14.87109375,143
37113,Macon,North Carolina,1140,14.853508771929825,356
28123,Scott,Mississippi,213,14.774647887323944,127
55141,Wood,Wisconsin,636,14.70440251572327,501
28163,Yazoo,Mississippi,102,14.696078431372548,228
45023,Chester,South Carolina,765,14.648366013071895,536
42087,Mifflin,Pennsylvania,517,14.570599613152805,1737
19171,Tama,Iowa,117,14.547008547008547,191
40009,Beckham,Oklahoma,179,14.541899441340782,220
31133,Pawnee,Nebraska,14,14.5,38
13237,Putnam,Georgia,481,14.455301455301456,538
13321,Worth,Georgia,64,14.4375,116
36009,Cattaraugus,New York,1229,14.422294548413344,338
17165,Saline,Illinois,302,14.410596026490067,585
5107,Phillips,Arkansas,425,14.409411764705883,332
19019,Buchanan,Iowa,20,14.4,62
12029,Dixie,Florida,586,14.363481228668942,338
17025,Clay,Illinois,64,14.359375,130
27007,Beltrami,Minnesota,743,14.34993270524899,489
29135,Moniteau,Missouri,687,14.333333333333334,388
55009,Brown,Wisconsin,1953,14.310291858678955,856
48343,Morris,Texas,163,14.300613496932515,67
5111,Poinsett,Arkansas,460,14.265217391304347,1092
12129,Wakulla,Florida,422,14.239336492890995,161
8003,Alamosa,Colorado,123,14.211382113821138,264
19055,Delaware,Iowa,89,14.202247191011235,72
48137,Edwards,Texas,39,14.179487179487179,46
13065,Clinch,Georgia,112,14.151785714285714,165
39077,Huron,Ohio,713,14.126227208976157,399
13133,Greene,Georgia,543,14.121546961325967,507
48223,Hopkins,Texas,619,14.069466882067852,1390
40133,Seminole,Oklahoma,411,14.065693430656934,241
13177,Lee,Georgia,204,14.063725490196079,1570
27023,Chippewa,Minnesota,83,14.060240963855422,80
21033,Caldwell,Kentucky,50,14.02,33
55057,Juneau,Wisconsin,148,14.0,164
26131,Ontonagon,Michigan,83,13.987951807228916,101
8019,Clear Creek,Colorado,302,13.903973509933774,370
5099,Nevada,Arkansas,212,13.89622641509434,656
31097,Johnson,Nebraska,23,13.826086956521738,34
47173,Union,Tennessee,22,13.818181818181818,32
31021,Burt,Nebraska,49,13.816326530612244,68
48125,Dickens,Texas,64,13.75,79
37045,Cleveland,North Carolina,1035,13.748792270531402,952
40131,Rogers,Oklahoma,1395,13.739068100358423,376
39033,Crawford,Ohio,275,13.683636363636364,1100
22021,Caldwell,Louisiana,450,13.622222222222222,412
51059,Fairfax,Virginia,254,13.614173228346457,304
27013,Blue Earth,Minnesota,213,13.5962441314554,610
13037,Calhoun,Georgia,176,13.585227272727273,168
55105,Rock,Wisconsin,860,13.534883720930232,417
18133,Putnam,Indiana,331,13.513595166163142,223
48277,Lamar,Texas,728,13.493131868131869,148
47127,Moore,Tennessee,144,13.48611111111111,263
47021,Cheatham,Tennessee,597,13.48073701842546,929
27143,Sibley,Minnesota,3141,13.455587392550143,2191
29141,Morgan,Missouri,1006,13.453280318091451,267
55103,Richland,Wisconsin,132,13.446969696969697,226
27071,Koochiching,Minnesota,162,13.419753086419753,172
18075,Jay,Indiana,110,13.409090909090908,124
40035,Craig,Oklahoma,337,13.379821958456974,389
18107,Montgomery,Indiana,247,13.352226720647772,71
17029,Coles,Illinois,251,13.338645418326694,424
37125,Moore,North Carolina,963,13.299065420560748,673
40023,Choctaw,Oklahoma,180,13.28888888888889,413
5039,Dallas,Arkansas,327,13.269113149847096,110
21239,Woodford,Kentucky,323,13.210526315789474,152
45001,Abbeville,South Carolina,215,13.2,70
13285,Troup,Georgia,126,13.134920634920634,87
12123,Taylor,Florida,547,13.056672760511884,253
5001,Arkansas,Arkansas,583,12.924528301886792,179
51640,Galax,Virginia,186,12.870967741935484,54
55001,Adams,Wisconsin,34,12.735294117647058,53
13195,Madison,Georgia,123,12.731707317073171,90
22113,Vermilion,Louisiana,377,12.726790450928382,1125
18071,Jackson,Indiana,423,12.60756501182033,808
48477,Washington,Texas,712,12.603932584269662,1083
19185,Wayne,Iowa,5,12.6,53
5017,Chicot,Arkansas,326,12.598159509202453,81
5135,Sharp,Arkansas,277,12.581227436823104,171
5105,Perry,Arkansas,25,12.56,26
40117,Pawnee,Oklahoma,953,12.530954879328437,331
1099,Monroe,Alabama,193,12.523316062176166,460
36005,Bronx,New York,2346,12.518329070758739,708
27169,Winona,Minnesota,166,12.487951807228916,106
39065,Hardin,Ohio,203,12.472906403940886,179
48461,Upton,Texas,536,12.451492537313433,759
48331,Milam,Texas,719,12.417246175243394,413
13199,Meriwether,Georgia,781,12.402048655569782,331
48133,Eastland,Texas,548,12.392335766423358,269
29019,Boone,Missouri,779,12.378690629011553,1359
5129,Searcy,Arkansas,222,12.364864864864865,1233
5083,Logan,Arkansas,66,12.272727272727273,42
19159,Ringgold,Iowa,69,12.173913043478262,68
27021,Cass,Minnesota,1498,12.127503337783711,418
17063,Grundy,Illinois,856,12.11448598130841,1022
29001,Adair,Missouri,131,12.099236641221374,311
5065,Izard,Arkansas,125,12.096,588
8087,Morgan,Colorado,44,12.090909090909092,95
13013,Barrow,Georgia,368,12.027173913043478,264
28007,Attala,Mississippi,532,12.007518796992482,159
48505,Zapata,Texas,421,12.007125890736342,210
19023,Butler,Iowa,7,12.0,29
17121,Marion,Illinois,243,11.97119341563786,479
51133,Northumberland,Virginia,193,11.937823834196891,665
19113,Linn,Iowa,4462,11.934782608695652,971
48381,Randall,Texas,158,11.930379746835444,109
48285,Lavaca,Texas,886,11.920993227990971,607
17081,Jefferson,Illinois,321,11.894080996884735,381
17077,Jackson,Illinois,404,11.868811881188119,830
40103,Noble,Oklahoma,321,11.819314641744548,151
51033,Caroline,Virginia,397,11.818639798488665,233
13279,Toombs,Georgia,423,11.817966903073286,1012
37033,Caswell,North Carolina,397,11.816120906801007,226
21097,Harrison,Kentucky,94,11.76595744680851,117
18079,Jennings,Indiana,387,11.728682170542635,70
48353,Nolan,Texas,317,11.656151419558359,247
48067,Cass,Texas,172,11.63953488372093,80
28047,Harrison,Mississippi,2539,11.628593934619929,1395
48015,Austin,Texas,1833,11.609383524277142,1502
18055,Greene,Indiana,105,11.561904761904762,103
17137,Morgan,Illinois,194,11.52061855670103,80
21069,Fleming,Kentucky,65,11.492307692307692,139
28077,Lawrence,Mississippi,96,11.479166666666666,74
55021,Columbia,Wisconsin,739,11.479025710419485,623
24025,Harford,Maryland,3443,11.470810339819925,5999
5011,Bradley,Arkansas,111,11.45045045045045,82
48283,La Salle,Texas,780,11.412820512820513,381
35015,Eddy,New Mexico,889,11.376827896512935,294
13153,Houston,Georgia,1968,11.352134146341463,1117
13003,Atkinson,Georgia,74,11.337837837837839,523
48415,Scurry,Texas,298,11.261744966442953,145
13043,Candler,Georgia,97,11.257731958762887,38
37079,Greene,North Carolina,95,11.242105263157894,52
12027,DeSoto,Florida,1493,11.221031480241125,3057
22065,Madison,Louisiana,405,11.217283950617285,586
48501,Yoakum,Texas,125,11.168,114
17035,Cumberland,Illinois,53,11.150943396226415,69
31185,York,Nebraska,96,11.125,76
55015,Calumet,Wisconsin,209,11.119617224880383,282
29139,Montgomery,Missouri,254,11.114173228346457,592
21161,Mason,Kentucky,134,11.104477611940299,500
21081,Grant,Kentucky,164,11.085365853658537,162
13033,Burke,Georgia,554,11.072202166064981,254
17039,De Witt,Illinois,204,11.058823529411764,172
39111,Monroe,Ohio,135,11.044444444444444,38
13231,Pike,Georgia,512,11.0078125,1077
55065,Lafayette,Wisconsin,222,10.936936936936936,181
51069,Frederick,Virginia,470,10.91063829787234,832
6061,Placer,California,17,10.882352941176471,57
48091,Comal,Texas,448,10.852678571428571,344
17129,Menard,Illinois,156,10.820512820512821,77
13077,Coweta,Georgia,600,10.801666666666666,605
12049,Hardee,Florida,474,10.525316455696203,377
48119,Delta,Texas,76,10.486842105263158,28
28059,Jackson,Mississippi,648,10.483024691358025,433
26127,Oceana,Michigan,438,10.47716894977169,364
37073,Gates,North Carolina,196,10.454081632653061,129
55045,Green,Wisconsin,495,10.402020202020202,823
17075,Iroquois,Illinois,105,10.39047619047619,681
48213,Henderson,Texas,1297,10.380107941403239,333
13179,Liberty,Georgia,497,10.295774647887324,188
48497,Wise,Texas,837,10.291517323775388,519
18083,Knox,Indiana,635,10.262992125984251,441
22125,West Feliciana,Louisiana,50,10.24,70
48219,Hockley,Texas,188,10.23936170212766,273
21029,Bullitt,Kentucky,271,10.22509225092251,130
13011,Banks,Georgia,167,10.191616766467066,347
48389,Reeves,Texas,76,10.171052631578947,35
13095,Dougherty,Georgia,259,10.166023166023166,528
21099,Hart,Kentucky,108,10.12037037037037,386
28023,Clarke,Mississippi,124,10.10483870967742,116
37019,Brunswick,North Carolina,272,10.095588235294118,260
28075,Lauderdale,Mississippi,743,10.087483176312247,305
8123,Weld,Colorado,4590,10.016339869281046,2255
24033,Prince George's,Maryland,2650,10.012452830188678,1136
29063,DeKalb,Missouri,15,10.0,118
37169,Stokes,North Carolina,612,9.995098039215685,251
13103,Effingham,Georgia,1187,9.97893850042123,351
48147,Fannin,Texas,420,9.94047619047619,280
8014,Broomfield,Colorado,326,9.917177914110429,181
34029,Ocean,New Jersey,828,9.909420289855072,180
29031,Cape Girardeau,Missouri,453,9.900662251655628,369
30067,Park,Montana,56,9.892857142857142,10
29117,Livingston,Missouri,15,9.866666666666667,20
5089,Marion,Arkansas,590,9.866101694915255,125
28067,Jones,Mississippi,703,9.857752489331437,179
47129,Morgan,Tennessee,21,9.857142857142858,18
51179,Stafford,Virginia,277,9.830324909747292,565
22061,Lincoln,Louisiana,255,9.811764705882354,169
51065,Fluvanna,Virginia,20,9.8,20
8045,Garfield,Colorado,2389,9.799079112599413,2055
13157,Jackson,Georgia,234,9.713675213675213,213
1011,Bullock,Alabama,3,9.666666666666666,13
20111,Lyon,Kansas,41,9.585365853658537,48
55111,Sauk,Wisconsin,815,9.521472392638037,407
19195,Worth,Iowa,137,9.518248175182482,160
13257,Stephens,Georgia,247,9.493927125506072,298
48301,Loving,Texas,628,9.492038216560509,200
45043,Georgetown,South Carolina,389,9.478149100257069,118
48159,Franklin,Texas,168,9.43452380952381,38
22037,East Feliciana,Louisiana,215,9.418604651162791,88
48227,Howard,Texas,662,9.341389728096678,724
48233,Hutchinson,Texas,238,9.22689075630252,168
21087,Green,Kentucky,51,9.156862745098039,61
48075,Childress,Texas,55,9.145454545454545,19
48349,Navarro,Texas,893,9.127659574468085,648
22111,Union,Louisiana,237,9.126582278481013,86
5137,Stone,Arkansas,509,9.076620825147348,87
29125,Maries,Missouri,48,9.041666666666666,24
27061,Itasca,Minnesota,1546,9.025873221216042,191
8105,Rio Grande,Colorado,45,9.0,37
30089,Sanders,Montana,17,9.0,9
48267,Kimble,Texas,4,9.0,9
5149,Yell,Arkansas,640,8.984375,109
18137,Ripley,Indiana,304,8.963815789473685,68
5077,Lee,Arkansas,275,8.952727272727273,168
40029,Coal,Oklahoma,58,8.931034482758621,32
5005,Baxter,Arkansas,193,8.8860103626943,51
18065,Henry,Indiana,349,8.885386819484241,71
22041,Franklin,Louisiana,240,8.879166666666666,594
36061,New York,New York,1918,8.863920750782064,175
13169,Jones,Georgia,496,8.830645161290322,94
17135,Montgomery,Illinois,657,8.797564687975648,330
51047,Culpeper,Virginia,377,8.793103448275861,224
13161,Jeff Davis,Georgia,76,8.776315789473685,70
29053,Cooper,Missouri,184,8.76086956521739,145
55071,Manitowoc,Wisconsin,314,8.707006369426752,149
48055,Caldwell,Texas,987,8.704154002026343,381
28129,Smith,Mississippi,180,8.688888888888888,104
17175,Stark,Illinois,188,8.686170212765957,42
13119,Franklin,Georgia,182,8.642857142857142,223
28137,Tate,Mississippi,391,8.641943734015346,79
47073,Hawkins,Tennessee,258,8.53875968992248,50
13313,Whitfield,Georgia,280,8.517857142857142,196
40113,Osage,Oklahoma,1539,8.511371020142949,428
47187,Williamson,Tennessee,276,8.5,237
37195,Wilson,North Carolina,23,8.434782608695652,27
48021,Bastrop,Texas,1525,8.359344262295082,1624
31145,Red Willow,Nebraska,17,8.352941176470589,15
31045,Dawes,Nebraska,96,8.333333333333334,24
21001,Adair,Kentucky,34,8.264705882352942,41
5067,Jackson,Arkansas,228,8.258771929824562,80
38101,Ward,North Dakota,206,8.233009708737864,142
27157,Wabasha,Minnesota,110,8.227272727272727,73
38077,Richland,North Dakota,65,8.215384615384615,47
40071,Kay,Oklahoma,192,8.1875,91
48365,Panola,Texas,136,8.154411764705882,91
27153,Todd,Minnesota,1652,8.146489104116222,1581
46099,Minnehaha,South Dakota,203,8.12807881773399,41
48399,Runnels,Texas,68,8.117647058823529,413
19145,Page,Iowa,27,8.11111111111111,22
55035,Eau Claire,Wisconsin,227,8.070484581497798,271
5095,Monroe,Arkansas,367,8.065395095367847,449
29077,Greene,Missouri,1790,8.027932960893855,434
5019,Clark,Arkansas,434,8.02073732718894,69
13253,Seminole,Georgia,128,7.9921875,122
13211,Morgan,Georgia,217,7.990783410138249,591
37185,Warren,North Carolina,249,7.983935742971887,77
27015,Brown,Minnesota,43,7.976744186046512,11
18047,Franklin,Indiana,347,7.974063400576369,86
48315,Marion,Texas,106,7.933962264150943,112
18165,Vermillion,Indiana,369,7.826558265582656,1622
37083,Halifax,North Carolina,260,7.823076923076923,68
13147,Hart,Georgia,111,7.81981981981982,212
55117,Sheboygan,Wisconsin,559,7.808586762075135,105
20155,Reno,Kansas,43,7.790697674418604,33
13305,Wayne,Georgia,245,7.779591836734694,189
45075,Orangeburg,South Carolina,546,7.728937728937729,460
48161,Freestone,Texas,500,7.724,600
40145,Wagoner,Oklahoma,1087,7.702851885924563,654
17027,Clinton,Illinois,277,7.689530685920578,91
21053,Clinton,Kentucky,6,7.666666666666667,11
51025,Brunswick,Virginia,835,7.665868263473054,42
48069,Castro,Texas,53,7.60377358490566,176
1037,Coosa,Alabama,128,7.578125,42
55005,Barron,Wisconsin,2319,7.517464424320828,14
55097,Portage,Wisconsin,439,7.517084282460137,59
18103,Miami,Indiana,321,7.367601246105919,332
48287,Lee,Texas,717,7.358437935843794,90
13185,Lowndes,Georgia,916,7.275109170305677,329
31025,Cass,Nebraska,227,7.255506607929515,27
21177,Muhlenberg,Kentucky,350,7.2542857142857144,285
18031,Decatur,Indiana,213,7.253521126760563,123
51125,Nelson,Virginia,101,7.247524752475248,53
55063,La Crosse,Wisconsin,322,7.226708074534161,241
27003,Anoka,Minnesota,2740,7.20985401459854,2834
48221,Hood,Texas,159,7.176100628930818,91
55007,Bayfield,Wisconsin,79,7.139240506329114,31
17047,Edwards,Illinois,69,7.115942028985507,17
13053,Chattahoochee,Georgia,43,7.046511627906977,9
17003,Alexander,Illinois,29,7.0344827586206895,20
13217,Newton,Georgia,306,7.032679738562091,386
48041,Brazos,Texas,2,7.0,7
51111,Lunenburg,Virginia,6,7.0,7
48293,Limestone,Texas,808,6.996287128712871,116
22023,Cameron,Louisiana,211,6.971563981042654,38
18101,Martin,Indiana,105,6.9714285714285715,51
29115,Linn,Missouri,65,6.938461538461539,50
55023,Crawford,Wisconsin,175,6.925714285714286,49
28019,Choctaw,Mississippi,26,6.923076923076923,10
31157,Scotts Bluff,Nebraska,74,6.918918918918919,30
29177,Ray,Missouri,59,6.915254237288136,20
1031,Coffee,Alabama,239,6.912133891213389,268
17021,Christian,Illinois,219,6.899543378995434,85
55137,Waushara,Wisconsin,169,6.899408284023669,43
48419,Shelby,Texas,28,6.892857142857143,43
5043,Drew,Arkansas,461,6.845986984815618,85
40147,Washington,Oklahoma,1076,6.810408921933085,937
29155,Pemiscot,Missouri,319,6.77115987460815,109
28063,Jefferson,Mississippi,29,6.758620689655173,11
19035,Cherokee,Iowa,4,6.75,8
13267,Tattnall,Georgia,351,6.737891737891738,101
48011,Armstrong,Texas,15,6.733333333333333,17
4017,Navajo,Arizona,423,6.732860520094563,133
45037,Edgefield,South Carolina,235,6.719148936170213,291
5101,Newton,Arkansas,21,6.714285714285714,82
13287,Turner,Georgia,131,6.709923664122138,94
8051,Gunnison,Colorado,31,6.709677419354839,42
48341,Moore,Texas,200,6.67,80
19163,Scott,Iowa,85,6.623529411764705,43
20035,Cowley,Kansas,92,6.608695652173913,59
19175,Union,Iowa,190,6.6,58
18151,Steuben,Indiana,42,6.523809523809524,16
13273,Terrell,Georgia,266,6.488721804511278,264
17125,Mason,Illinois,212,6.438679245283019,212
46111,Sanborn,South Dakota,10,6.4,14
19083,Hardin,Iowa,184,6.380434782608695,64
51099,King George,Virginia,100,6.37,24
18049,Fulton,Indiana,114,6.350877192982456,143
48109,Culberson,Texas,42,6.333333333333333,25
13061,Clay,Georgia,231,6.324675324675325,114
48093,Comanche,Texas,280,6.292857142857143,49
47105,Loudon,Tennessee,276,6.271739130434782,79
47189,Wilson,Tennessee,159,6.264150943396227,25
55093,Pierce,Wisconsin,2257,6.255649091714665,49
38035,Grand Forks,North Dakota,110,6.245454545454545,181
48179,Gray,Texas,208,6.206730769230769,105
21149,McLean,Kentucky,85,6.188235294117647,27
13219,Oconee,Georgia,177,6.186440677966102,162
45017,Calhoun,South Carolina,192,6.171875,54
19005,Allamakee,Iowa,54,6.111111111111111,35
45033,Dillon,South Carolina,363,6.104683195592287,93
35041,Roosevelt,New Mexico,96,6.09375,47
31159,Seward,Nebraska,69,6.057971014492754,16
47125,Montgomery,Tennessee,114,6.008771929824562,47
31069,Garden,Nebraska,16,6.0,17
21217,Taylor,Kentucky,47,6.0,22
38097,Traill,North Dakota,42,5.976190476190476,80
29221,Washington,Missouri,451,5.955654101995566,66
13209,Montgomery,Georgia,134,5.955223880597015,53
37199,Yancey,North Carolina,22,5.954545454545454,18
37017,Bladen,North Carolina,280,5.910714285714286,64
13029,Bryan,Georgia,399,5.902255639097745,39
51037,Charlotte,Virginia,126,5.880952380952381,91
55061,Kewaunee,Wisconsin,141,5.858156028368795,226
13125,Glascock,Georgia,147,5.857142857142857,24
55011,Buffalo,Wisconsin,31,5.838709677419355,11
51103,Lancaster,Virginia,75,5.826666666666667,23
48107,Crosby,Texas,172,5.784883720930233,381
48115,Dawson,Texas,339,5.775811209439528,235
40075,Kiowa,Oklahoma,160,5.775,160
27101,Murray,Minnesota,43,5.744186046511628,75
28065,Jefferson Davis,Mississippi,130,5.730769230769231,45
40005,Atoka,Oklahoma,109,5.715596330275229,62
51101,King William,Virginia,115,5.71304347826087,44
48375,Potter,Texas,3147,5.690181124880839,268
13191,McIntosh,Georgia,493,5.677484787018256,431
28035,Forrest,Mississippi,769,5.64629388816645,92
48385,Real,Texas,121,5.644628099173554,23
48297,Live Oak,Texas,351,5.60968660968661,107
55043,Grant,Wisconsin,403,5.5955334987593055,58
27129,Renville,Minnesota,46,5.565217391304348,10
37145,Person,North Carolina,491,5.562118126272912,100
37093,Hoke,North Carolina,209,5.54066985645933,54
17171,Scott,Illinois,108,5.537037037037037,19
13283,Treutlen,Georgia,199,5.50251256281407,80
28039,George,Mississippi,47,5.48936170212766,53
19179,Wapello,Iowa,990,5.456565656565656,296
39137,Putnam,Ohio,331,5.256797583081571,186
48089,Colorado,Texas,1695,5.2507374631268435,199
18125,Pike,Indiana,204,5.245098039215686,144
21167,Mercer,Kentucky,133,5.225563909774436,44
13149,Heard,Georgia,169,5.201183431952662,54
40119,Payne,Oklahoma,241,5.195020746887967,32
5003,Ashley,Arkansas,361,5.185595567867036,38
55029,Door,Wisconsin,415,5.168674698795181,127
48241,Jasper,Texas,27,5.148148148148148,9
17161,Rock Island,Illinois,41,5.146341463414634,35
55091,Pepin,Wisconsin,41,5.146341463414634,20
40105,Nowata,Oklahoma,399,5.130325814536341,282
21233,Webster,Kentucky,30,5.1,38
13235,Pulaski,Georgia,115,5.086956521739131,83
48105,Crockett,Texas,117,5.034188034188034,24
13299,Ware,Georgia,438,5.029680365296803,40
17159,Richland,Illinois,137,5.0,50
51011,Appomattox,Virginia,2,5.0,5
27171,Wright,Minnesota,813,4.996309963099631,160
17189,Washington,Illinois,165,4.987878787878788,55
17173,Shelby,Illinois,158,4.924050632911392,59
20161,Riley,Kansas,44,4.886363636363637,23
28073,Lamar,Mississippi,333,4.876876876876877,283
13111,Fannin,Georgia,8,4.875,26
37065,Edgecombe,North Carolina,56,4.803571428571429,25
27147,Steele,Minnesota,105,4.8,10
34027,Morris,New Jersey,15,4.733333333333333,9
18017,Cass,Indiana,304,4.730263157894737,28
19135,Monroe,Iowa,21,4.714285714285714,12
55047,Green Lake,Wisconsin,363,4.707988980716253,31
28093,Marshall,Mississippi,16,4.6875,54
29015,Benton,Missouri,76,4.684210526315789,19
20125,Montgomery,Kansas,78,4.602564102564102,36
27167,Wilkin,Minnesota,40,4.6,19
26153,Schoolcraft,Michigan,91,4.593406593406593,49
17147,Piatt,Illinois,194,4.592783505154639,41
18159,Tipton,Indiana,376,4.566489361702128,644
17067,Hancock,Illinois,242,4.566115702479339,69
48129,Donley,Texas,24,4.541666666666667,18
51081,Greensville,Virginia,655,4.53587786259542,115
29073,Gasconade,Missouri,74,4.513513513513513,11
48077,Clay,Texas,366,4.494535519125683,95
18161,Union,Indiana,37,4.486486486486487,10
12043,Glades,Florida,264,4.484848484848484,65
20143,Ottawa,Kansas,14,4.428571428571429,11
8097,Pitkin,Colorado,2272,4.403609154929577,182
17053,Ford,Illinois,85,4.4,43
13069,Coffee,Georgia,123,4.382113821138211,66
20015,Butler,Kansas,99,4.353535353535354,57
55077,Marquette,Wisconsin,69,4.333333333333333,29
13271,Telfair,Georgia,207,4.323671497584541,200
19169,Story,Iowa,117,4.3076923076923075,48
5013,Calhoun,Arkansas,14,4.285714285714286,6
29151,Osage,Missouri,39,4.256410256410256,7
19011,Benton,Iowa,90,4.2555555555555555,30
19089,Howard,Iowa,32,4.25,17
13297,Walton,Georgia,284,4.200704225352113,64
19153,Polk,Iowa,63,4.190476190476191,32
13295,Walker,Georgia,148,4.1891891891891895,44
55031,Douglas,Wisconsin,124,4.17741935483871,24
19043,Clayton,Iowa,40,4.175,120
19131,Mitchell,Iowa,174,4.172413793103448,136
13247,Rockdale,Georgia,359,4.161559888579387,65
45087,Union,South Carolina,39,4.128205128205129,17
31111,Lincoln,Nebraska,16,4.125,11
48417,Shackelford,Texas,97,4.123711340206185,43
31107,Knox,Nebraska,9,4.111111111111111,5
13239,Quitman,Georgia,18,4.111111111111111,7
51083,Halifax,Virginia,1002,4.086826347305389,413
28045,Hancock,Mississippi,162,4.080246913580247,62
38073,Ransom,North Dakota,90,4.055555555555555,32
21101,Henderson,Kentucky,58,4.051724137931035,12
29143,New Madrid,Missouri,215,4.032558139534884,40
28103,Noxubee,Mississippi,2,4.0,4
20139,Osage,Kansas,6,4.0,4
25025,Suffolk,Massachusetts,270,3.937037037037037,24
19079,Hamilton,Iowa,13,3.923076923076923,8
5055,Greene,Arkansas,52,3.923076923076923,8
28111,Perry,Mississippi,96,3.90625,36
51107,Loudoun,Virginia,334,3.874251497005988,57
13049,Charlton,Georgia,68,3.8676470588235294,29
18027,Daviess,Indiana,14,3.857142857142857,9
48345,Motley,Texas,13,3.8461538461538463,8
27131,Rice,Minnesota,121,3.834710743801653,51
21139,Livingston,Kentucky,23,3.8260869565217392,17
5081,Little River,Arkansas,39,3.8205128205128207,27
1061,Geneva,Alabama,32,3.8125,6
21229,Washington,Kentucky,56,3.8035714285714284,13
31019,Buffalo,Nebraska,349,3.8022922636103154,48
29069,Dunklin,Missouri,115,3.8,14
18099,Marshall,Indiana,85,3.764705882352941,7
21215,Spencer,Kentucky,25,3.76,11
18121,Parke,Indiana,204,3.730392156862745,39
31043,Dakota,Nebraska,40,3.725,9
48209,Hays,Texas,190,3.710526315789474,34
17079,Jasper,Illinois,59,3.6779661016949152,10
17087,Johnson,Illinois,87,3.6436781609195403,50
13173,Lanier,Georgia,90,3.6222222222222222,12
45011,Barnwell,South Carolina,360,3.611111111111111,58
27159,Wadena,Minnesota,565,3.6106194690265485,81
21121,Knox,Kentucky,166,3.5963855421686746,16
48327,Menard,Texas,14,3.5714285714285716,9
20005,Atchison,Kansas,9,3.5555555555555554,12
27109,Olmsted,Minnesota,156,3.5448717948717947,13
18117,Orange,Indiana,126,3.5317460317460316,76
37131,Northampton,North Carolina,333,3.5105105105105103,37
17185,Wabash,Illinois,4,3.5,6
48447,Throckmorton,Texas,6,3.5,4
48165,Gaines,Texas,171,3.491228070175439,383
20073,Greenwood,Kansas,52,3.480769230769231,63
27085,McLeod,Minnesota,59,3.4745762711864407,28
21169,Metcalfe,Kentucky,48,3.4583333333333335,28
19109,Kossuth,Iowa,160,3.425,32
20061,Geary,Kansas,25,3.4,15
13001,Appling,Georgia,94,3.393617021276596,20
21235,Whitley,Kentucky,262,3.385496183206107,34
18011,Boone,Indiana,201,3.383084577114428,17
48149,Fayette,Texas,221,3.3800904977375565,25
18175,Washington,Indiana,339,3.377581120943953,239
19021,Buena Vista,Iowa,44,3.3636363636363638,52
4001,Apache,Arizona,135,3.3333333333333335,40
48335,Mitchell,Texas,274,3.321167883211679,22
48503,Young,Texas,290,3.317241379310345,41
28031,Covington,Mississippi,45,3.311111111111111,27
19143,Osceola,Iowa,81,3.2839506172839505,14
51159,Richmond,Virginia,77,3.2337662337662336,25
13109,Evans,Georgia,109,3.220183486238532,37
37147,Pitt,North Carolina,56,3.1964285714285716,23
21123,Larue,Kentucky,37,3.1621621621621623,16
29133,Mississippi,Missouri,236,3.139830508474576,18
48377,Presidio,Texas,29,3.1379310344827585,8
31135,Perkins,Nebraska,25,3.12,9
1035,Conecuh,Alabama,27,3.111111111111111,9
19041,Clay,Iowa,30,3.1,29
21155,Marion,Kentucky,94,3.095744680851064,7
48429,Stephens,Texas,265,3.0943396226415096,56
13047,Catoosa,Georgia,192,3.0729166666666665,11
13229,Pierce,Georgia,116,3.0344827586206895,15
13101,Echols,Georgia,34,3.0294117647058822,39
40069,Johnston,Oklahoma,4,3.0,3
48369,Parmer,Texas,24,3.0,13
1025,Clarke,Alabama,2,3.0,3
55119,Taylor,Wisconsin,109,2.926605504587156,16
27083,Lyon,Minnesota,143,2.923076923076923,16
51117,Mecklenburg,Virginia,1699,2.9052383755150086,447
31101,Keith,Nebraska,340,2.861764705882353,4
17145,Perry,Illinois,205,2.8,28
5079,Lincoln,Arkansas,54,2.7962962962962963,5
20085,Jackson,Kansas,13,2.769230769230769,9
45005,Allendale,South Carolina,797,2.726474278544542,409
29173,Ralls,Missouri,38,2.6842105263157894,5
55051,Iron,Wisconsin,71,2.647887323943662,14
55129,Washburn,Wisconsin,60,2.6333333333333333,19
13303,Washington,Georgia,152,2.6315789473684212,16
35003,Catron,New Mexico,16,2.625,27
17109,McDonough,Illinois,141,2.624113475177305,11
17005,Bond,Illinois,86,2.604651162790698,8
13201,Miller,Georgia,102,2.5686274509803924,6
13223,Paulding,Georgia,103,2.5145631067961167,18
13007,Baker,Georgia,29,2.4827586206896552,5
20205,Wilson,Kansas,14,2.4285714285714284,9
29007,Audrain,Missouri,35,2.4,8
51750,Radford,Virginia,95,2.357894736842105,4
5073,Lafayette,Arkansas,120,2.325,29
17193,White,Illinois,29,2.310344827586207,7
48043,Brewster,Texas,53,2.30188679245283,10
21189,Owsley,Kentucky,7,2.2857142857142856,10
29047,Clay,Missouri,5642,2.2685218007798653,507
13165,Jenkins,Georgia,109,2.256880733944954,22
17101,Lawrence,Illinois,89,2.2247191011235956,12
55019,Clark,Wisconsin,281,2.202846975088968,70
20197,Wabaunsee,Kansas,5,2.2,3
48317,Martin,Texas,262,2.1793893129770994,74
13025,Brantley,Georgia,32,2.15625,38
13315,Wilcox,Georgia,181,2.154696132596685,4
5025,Cleveland,Arkansas,100,2.15,4
48081,Coke,Texas,21,2.142857142857143,3
37013,Beaufort,North Carolina,166,2.1265060240963853,141
48111,Dallam,Texas,103,2.087378640776699,18
48261,Kenedy,Texas,13,2.076923076923077,3
48279,Lamb,Texas,4450,2.06561797752809,25
31147,Richardson,Nebraska,47,2.021276595744681,10
21147,McCreary,Kentucky,68,2.014705882352941,16
19003,Adams,Iowa,12,2.0,4
37143,Perquimans,North Carolina,5,2.0,2
29137,Monroe,Missouri,8,2.0,2
35029,Luna,New Mexico,3,2.0,2
13131,Grady,Georgia,1,2.0,2
21105,Hickman,Kentucky,10,2.0,2
29195,Saline,Missouri,6,2.0,2
13075,Cook,Georgia,34,1.9411764705882353,11
21151,Madison,Kentucky,1238,1.9176090468497577,58
31049,Deuel,Nebraska,27,1.8888888888888888,5
48079,Cochran,Texas,69,1.8840579710144927,4
8021,Conejos,Colorado,2173,1.8771283939254486,954
27173,Yellow Medicine,Minnesota,7,1.8571428571428572,4
17153,Pulaski,Illinois,53,1.8113207547169812,6
21175,Morgan,Kentucky,37,1.8108108108108107,2
48155,Foard,Texas,14,1.7857142857142858,4
21055,Crittenden,Kentucky,56,1.7857142857142858,7
19013,Black Hawk,Iowa,20,1.75,2
48065,Carson,Texas,158,1.740506329113924,6
22025,Catahoula,Louisiana,7,1.7142857142857142,2
21021,Boyle,Kentucky,97,1.7010309278350515,17
21079,Garrard,Kentucky,54,1.6851851851851851,8
17059,Gallatin,Illinois,104,1.6634615384615385,8
21201,Robertson,Kentucky,33,1.6363636363636365,4
21223,Trimble,Kentucky,49,1.6326530612244898,4
21011,Bath,Kentucky,54,1.6111111111111112,5
13027,Brooks,Georgia,41,1.6097560975609757,9
21181,Nicholas,Kentucky,33,1.5454545454545454,4
21137,Lincoln,Kentucky,94,1.5425531914893618,17
27121,Pope,Minnesota,40,1.525,2
19031,Cedar,Iowa,54,1.5,4
46125,Turner,South Dakota,23,1.4782608695652173,2
48191,Hall,Texas,33,1.4545454545454546,4
29131,Miller,Missouri,152,1.4539473684210527,7
21145,McCracken,Kentucky,20,1.45,2
31017,Brown,Nebraska,7,1.4285714285714286,2
21191,Pendleton,Kentucky,45,1.4222222222222223,2
20041,Dickinson,Kansas,33,1.393939393939394,3
20131,Nemaha,Kansas,6,1.3333333333333333,2
48169,Garza,Texas,75,1.32,5
13005,Bacon,Georgia,134,1.3134328358208955,7
20049,Elk,Kansas,33,1.303030303030303,3
17023,Clark,Illinois,22,1.2727272727272727,2
48173,Glasscock,Texas,125,1.248,3
17033,Crawford,Illinois,66,1.2424242424242424,5
26141,Presque Isle,Michigan,34,1.2352941176470589,2
21023,Bracken,Kentucky,9,1.2222222222222223,2
17127,Massac,Illinois,38,1.2105263157894737,2
21085,Grayson,Kentucky,39,1.1794871794871795,3
48307,McCulloch,Texas,17,1.1764705882352942,2
27161,Waseca,Minnesota,2182,1.1750687442713108,22
20091,Johnson,Kansas,5642,1.1673165544133286,115
48195,Hansford,Texas,30,1.1666666666666667,2
19039,Clarke,Iowa,20,1.15,2
19097,Jackson,Iowa,237,1.1223628691983123,12
55107,Rusk,Wisconsin,54,1.1111111111111112,7
19181,Warren,Iowa,9,1.1111111111111112,2
27127,Redwood,Minnesota,21,1.0952380952380953,2
29025,Caldwell,Missouri,72,1.0833333333333333,2
17009,Brown,Illinois,45,1.0666666666666667,2
46087,McCook,South Dakota,211,1.042654028436019,2
20207,Woodson,Kansas,39,1.0256410256410255,2
46061,Hanson,South Dakota,10,1.0,1
20001,Allen,Kansas,18,1.0,1
27009,Benton,Minnesota,38,1.0,1
20117,Marshall,Kansas,6,1.0,1
20113,McPherson,Kansas,3,1.0,1
55053,Jackson,Wisconsin,57,1.0,1
29127,Marion,Missouri,8,1.0,1
20133,Neosho,Kansas,7,1.0,1
29123,Madison,Missouri,5,1.0,1
17191,Wayne,Illinois,8,1.0,1
29211,Sullivan,Missouri,1,1.0,1
19147,Palo Alto,Iowa,17,1.0,1
24039,Somerset,Maryland,60,1.0,1
20031,Coffey,Kansas,2,1.0,1
20013,Brown,Kansas,5,1.0,1
17065,Hamilton,Illinois,2,1.0,1
13155,Irwin,Georgia,46,1.0,1
17017,Cass,Illinois,79,1.0,1
19149,Plymouth,Iowa,5,1.0,1
27067,Kandiyohi,Minnesota,2136,1.0,1
27063,Jackson,Minnesota,2,1.0,1
48023,Baylor,Texas,17,1.0,1
48433,Stonewall,Texas,43,1.0,1
48445,Terry,Texas,127,1.0,1
48437,Swisher,Texas,2160,1.0,1
38081,Sargent,North Dakota,4,1.0,1
38045,LaMoure,North Dakota,18,1.0,1
8109,Saguache,Colorado,10,1.0,1
48431,Sterling,Texas,7,1.0,1
20191,Sumner,Kansas,2,1.0,1
20149,Pottawatomie,Kansas,2,1.0,1
51171,Shenandoah,Virginia,86,1.0,1
19161,Sac,Iowa,10,1.0,1
19063,Emmet,Iowa,6,1.0,1
19029,Cass,Iowa,2,1.0,1
19085,Harrison,Iowa,7,1.0,1
19071,Fremont,Iowa,2,1.0,1
35035,Otero,New Mexico,10,1.0,1
47101,Lewis,Tennessee,21,1.0,1
19001,Adair,Iowa,5,1.0,1
31059,Fillmore,Nebraska,6,1.0,1
48351,Newton,Texas,10,1.0,1
17139,Moultrie,Illinois,4,1.0,1
40001,Adair,Oklahoma,5,1.0,1
8023,Costilla,Colorado,26,1.0,1
31027,Cedar,Nebraska,1,1.0,1
19129,Mills,Iowa,2,1.0,1
31003,Antelope,Nebraska,6,1.0,1
17169,Schuyler,Illinois,31,1.0,1
48337,Montague,Texas,19,1.0,1
13251,Screven,Georgia,30,1.0,1
48263,Kent,Texas,8,1.0,1
29167,Polk,Missouri,6,1.0,1
29061,Daviess,Missouri,11,1.0,1
29145,Newton,Missouri,10,1.0,1
18129,Posey,Indiana,53,1.0,1
29179,Reynolds,Missouri,10,1.0,1
29095,Jackson,Missouri,5640,1.0,1
1105,Perry,Alabama,1,1.0,1
